sep=,
"Vergunningnr","Inrichting","KvK-nummer","Allocatie 2008","Emissie 2008","Naleving 2008","Allocatie 2009","Emissie 2009","Naleving 2009","Allocatie 2010","Emissie 2010","Naleving 2010","Allocatie 2011","Emissie 2011","Naleving 2011","Allocatie 2012","Emissie 2012","Naleving 2012","Allocatie 2013","Emissie 2013","Naleving 2013"
"NL-200700043","A. de Bruijn & Zn BV","27273523","25167","25276","Ja","25167","19714","Ja","25166","23068","Ja","25166","21537","Ja","25166","12209","Ja","-","-","-"
"NL-200700012","A.C. Hartman BV, locatie Sexbierum","01071907","22390","22209","Ja","30633","32117","Ja","32921","34001","Ja","32921","34693","Ja","32921","32335","Ja","17090","32544","Ja"
"NL-200800059","A12/CPP - Chevron Exploration and Production Netherlands B.V.","27114238","-","-","-","-","-","-","-","-","-","-","-","-","-","-","-","49086","63616","Ja"
"NL-200400022","Abbott Healthcare Products BV","32039508","18840","18370","Ja","18840","17159","Ja","18840","17857","Ja","18839","15666","Ja","18839","14552","Ja","17320","14230","Ja"
"NL-200600028","Abbott Laboratories B.V.","05018369","9660","11174","Ja","10074","11556","Ja","10132","12287","Ja","10333","11622","Ja","10452","10448","Ja","13205","14829","Ja"
"NL-200900120","Abengoa Bioenergy Netherlands B.V.","34242041","-","-","-","-","-","-","68032","96882","Ja","182156","285105","Ja","182156","270984","Ja","301411","257125","Ja"
"NL-200400126","Academisch Medisch Centrum (AMC)","34362777","48230","38449","Ja","48230","38658","Ja","48229","37930","Ja","48229","19530","Ja","48229","22200","Ja","20089","41633","Ja"
"NL-200400301","Academisch Ziekenhuis Groningen","01169570","23909","26116","Ja","23909","27392","Ja","23908","28422","Ja","23908","25194","Ja","23908","26063","Ja","13884","24781","Ja"
"NL-201000150","ACH Exploitatie B.V.","08141405","-","-","-","-","-","-","-","-","-","-","-","-","-","-","-","2661","2904","Ja"
"NL-200400254","ADM Cocoa B.V.","35002995","37695","21630","Ja","37695","20868","Ja","37694","22016","Ja","37694","19692","Ja","37694","21376","Ja","21610","24838","Ja"
"NL-200400109","ADM Europoort B.V.","24160592","278007","200232","Ja","278007","223205","Ja","278007","203618","Ja","278006","197140","Ja","278006","187683","Ja","125236","175286","Ja"
"NL-200400283","AGC Flat Glass Nederland BV","11007861","101775","130417","Ja","101775","112744","Ja","101775","119744","Ja","101775","118722","Ja","101775","56568","Ja","39615","2156","Ja"
"NL-201200104","Agristo B.V.","18076913","-","-","-","-","-","-","-","-","-","-","-","-","-","-","-","20484","20493","Ja"
"NL-200700044","Agro Care","27274144","14248","15666","Ja","14248","13526","Ja","14248","15495","Ja","14248","14392","Ja","14248","6105","Ja","-","-","-"
"NL-200700139","Agro Care Ontwikkeling II","27274144","37827","28975","Ja","50156","42476","Ja","50156","49160","Ja","50156","47210","Ja","50156","45019","Ja","20874","47309","Ja"
"NL-200400028","Air Liquide Industrie B.V., vestiging Bergen op Zoom","24234864","-","-","-","-","-","-","-","-","-","-","-","-","-","-","-","69841","78899","Ja"
"NL-200400113","Air Liquide Industrie B.V., vestiging Botlek-Rotterdam","24234864","-","-","-","-","-","-","-","-","-","-","-","-","-","-","-","225388","96169","Ja"
"NL-201100046","Air Liquide Nederland BV - SMR2","17076906","-","-","-","-","-","-","-","-","-","-","-","-","-","-","-","711761","544997","Ja"
"NL-200400264","Air Products Nederland B.V., Locatie Botlek (Merseyweg)","29048443","366840","342826","Ja","366840","344593","Ja","366839","384962","Ja","366839","309548","Ja","366839","298164","Ja","61747","291270","Ja"
"NL-201100042","Air Products Nederland B.V., Locatie Botlek (Botlekweg)","29048443","-","-","-","-","-","-","-","-","-","-","-","-","-","-","-","756130","545896","Ja"
"NL-200700028","AKW Energy BV","24328930","20134","21081","Ja","18318","19761","Ja","18318","23526","Ja","18318","21347","Ja","18318","6657","Ja","-","-","-"
"NL-200400117","Akzo Nobel Industrial Chemicals B.V.","31038214","184791","176400","Ja","184791","161776","Ja","184791","169786","Ja","184790","163799","Ja","184790","171076","Ja","96001","169802","Ja"
"NL-200400177","Akzo Nobel Chemicals B.V. (Hengelo)","31038214","418634","408592","Ja","418634","400289","Ja","418634","440133","Ja","418634","336061","Ja","418634","264189","Ja","258146","267279","Ja"
"NL-201100051","Akzo Nobel Chemicals, Farmsum","31038214","-","-","-","-","-","-","-","-","-","-","-","-","-","-","-","316662","3189","Ja"
"NL-200400171","Albemarle Catalysts Company B.V.","32073705","13371","13195","Ja","13371","11736","Ja","13371","14410","Ja","13371","13025","Ja","13371","14302","Ja","71323","66057","Ja"
"NL-200400079","Aluminium Delfzijl B.V. (Aldel)","02316644","-","-","-","-","-","-","-","-","-","-","-","-","-","-","-","193991","148342","Ja"
"NL-200400292","Aluminium & Chemie Rotterdam B.V.","24120312","-","-","-","-","-","-","-","-","-","-","-","-","-","-","-","109066","214870","Ja"
"NL-200500019","Amsteldijk Beheer B.V.","33080456","14215","14793","Ja","14214","14049","Ja","14214","17093","Ja","14214","14023","Ja","14214","13485","Ja","22277","22122","Ja"
"NL-200400199","Apollo Vredestein B.V.","34223268","17758","16303","Ja","17758","16592","Ja","17758","18258","Ja","17758","17315","Ja","17758","17245","Ja","17966","17322","Ja"
"NL-200400140","Ardagh Glass Dongen B.V.","18110358","75364","92683","Ja","75364","92977","Ja","75363","73266","Ja","75363","73036","Ja","75363","95243","Ja","92231","93129","Ja"
"NL-200400118","Ardagh Glass Moerdijk BV","33178991","28811","35957","Ja","37970","45191","Ja","55822","59268","Ja","60740","65686","Ja","61299","68054","Ja","54679","59333","Ja"
"NL-200800061","Asfalt Centrale BAM","30208049","-","-","-","-","-","-","-","-","-","-","-","-","-","-","-","3546","3130","Ja"
"NL-201100053","Asfalt Centrale Nijkerk (ACN) B.V.","08020197","-","-","-","-","-","-","-","-","-","-","-","-","-","-","-","3042","2240","Ja"
"NL-201000023","Asfalt Centrale Rotterdam (ACR)","24349349","-","-","-","-","-","-","-","-","-","-","-","-","-","-","-","5924","7214","Ja"
"NL-201000110","Asfalt Centrale Utrecht","53046552","-","-","-","-","-","-","-","-","-","-","-","-","-","-","-","3731","4199","Ja"
"NL-200800062","Asfalt Productie Amsterdam (APA) B.V.","34219737","-","-","-","-","-","-","-","-","-","-","-","-","-","-","-","4898","7330","Ja"
"NL-201100052","Asfalt Productie De Eem (APE) B.V.","31047938","-","-","-","-","-","-","-","-","-","-","-","-","-","-","-","3037","5304","Ja"
"NL-200800064","Asfalt Productie Doetinchem","09040821","-","-","-","-","-","-","-","-","-","-","-","-","-","-","-","2195","4360","Ja"
"NL-201000113","Asfalt Productie Hoogblokland","11016659","-","-","-","-","-","-","-","-","-","-","-","-","-","-","-","5595","6039","Ja"
"NL-201000062","Asfalt Produktie Maatschappij","20076210","-","-","-","-","-","-","-","-","-","-","-","-","-","-","-","3602","4414","Ja"
"NL-201000116","Asfalt Productie Nijmegen","10043841","-","-","-","-","-","-","-","-","-","-","-","-","-","-","-","1744","1972","Ja"
"NL-200800063","Asfalt Productie Rotterdam Rijnmond (APRR) B.V.","33266463","-","-","-","-","-","-","-","-","-","-","-","-","-","-","-","7128","9958","Ja"
"NL-201000118","Asfalt Productie Westerbroek b.v.","4056756","-","-","-","-","-","-","-","-","-","-","-","-","-","-","-","4139","3413","Ja"
"NL-200800065","Asfaltcentrale Harderwijk","09040821","-","-","-","-","-","-","-","-","-","-","-","-","-","-","-","2775","4336","Nee"
"NL-200800071","Asfaltcentrale Heijmans Amsterdam","18124067","-","-","-","-","-","-","-","-","-","-","-","-","-","-","-","2864","2611","Ja"
"NL-200800073","Asfaltcentrale Heijmans 's-Hertogenbosch","18124067","-","-","-","-","-","-","-","-","-","-","-","-","-","-","-","4723","5080","Ja"
"NL-200800074","Asfaltcentrale Heijmans Venlo","18124067","-","-","-","-","-","-","-","-","-","-","-","-","-","-","-","2791","2645","Ja"
"NL-200800075","Asfaltcentrale Heijmans Zwijndrecht","18124067","-","-","-","-","-","-","-","-","-","-","-","-","-","-","-","2532","3676","Ja"
"NL-200800067","Asfaltcentrale Limburg (ACL)","14030480","-","-","-","-","-","-","-","-","-","-","-","-","-","-","-","2887","4153","Ja"
"NL-201000107","AsfaltCentrale Overbetuwe (ACOB) B.V.","09021915","-","-","-","-","-","-","-","-","-","-","-","-","-","-","-","1843","1934","Ja"
"NL-201000108","Asfalt Centrale Rivierenland v.o.f.","11015389","-","-","-","-","-","-","-","-","-","-","-","-","-","-","-","1901","2231","Ja"
"NL-201000061","AsfaltCentrale Stedendriehoek (ACS)","38019939","-","-","-","-","-","-","-","-","-","-","-","-","-","-","-","2536","3071","Ja"
"NL-201000114","Asfalt Productie Kootstertille B.V.","01083550","-","-","-","-","-","-","-","-","-","-","-","-","-","-","-","3048","5143","Ja"
"NL-201000117","Asfaltproductie Rasenberg Wegenbouw B.V.","20032947","-","-","-","-","-","-","-","-","-","-","-","-","-","-","-","3829","2971","Nee"
"NL-200800038","Asfaltproductie Regio Amsterdam BV (ARA)","34217572","-","-","-","-","-","-","-","-","-","-","-","-","-","-","-","5875","8784","Ja"
"NL-200500004","Ashland Industries Nederland B.V.","27022150","21081","19966","Ja","21081","19443","Ja","21081","20649","Ja","21081","20483","Ja","21081","19754","Ja","19846","19654","Ja"
"NL-200400187","AVEBE U.A. locatie Foxhol","02300804","57107","42286","Ja","57107","43293","Ja","57106","41377","Ja","57106","25493","Ja","57106","24302","Ja","29436","29225","Ja"
"NL-200400188","AVEBE U.A. locatie Gasselternijveen","02300804","90868","72354","Ja","90868","79269","Ja","90868","82579","Ja","90868","75738","Ja","90867","79058","Ja","63549","75164","Ja"
"NL-200400033","AVEBE U.A. locatie Ter Apelkanaal","02300804","175020","150831","Ja","175020","135703","Ja","175020","139667","Ja","175019","118428","Ja","175019","108567","Ja","94409","117382","Ja"
"NL-200400194","AVEBE U.A. locatie Veendam (DWM)","02300804","14828","4599","Ja","14828","448","Ja","-","-","-","-","-","-","-","-","-","-","-","-"
"NL-200400013","Aviko B.V., vestiging Lomm","08027672","17461","18292","Ja","17461","14653","Ja","17461","14735","Ja","17460","15365","Ja","17460","12527","Ja","15364","12893","Ja"
"NL-200400099","Aviko B.V., vestiging Steenderen","08027672","66155","61320","Ja","66155","63692","Ja","66155","62356","Ja","66154","62502","Ja","66154","63673","Ja","38277","58619","Ja"
"NL-200700114","B.V. Steenfabriek Hedikhuizen","16074468","21683","12169","Ja","21682","11289","Ja","21682","9415","Ja","21682","14898","Ja","21682","13527","Ja","9652","12017","Ja"
"NL-200400114","B.V. Steenfabriek Huissenswaard","09151313","20780","21258","Ja","20779","21562","Ja","20779","15939","Ja","20779","14984","Ja","20779","16251","Ja","17215","16832","Ja"
"NL-200400121","B.V. Steenfabriek Spijk","09147037","31063","30845","Ja","31063","31833","Ja","31063","32301","Ja","31063","33143","Ja","31063","25706","Ja","25277","25851","Ja"
"NL-200700140","Barendse DC II b.v.","27292667","26292","22483","Ja","26292","21847","Ja","26292","25284","Ja","26292","23289","Ja","26292","25067","Ja","11813","23815","Ja"
"NL-200400297","Bavaria N.V.","17007387","55076","52938","Ja","55076","51139","Ja","55076","51287","Ja","55075","49788","Ja","55075","52705","Ja","36579","51740","Ja"
"NL-200700045","BB Energy B.V.","01106204","18207","15641","Ja","18207","17961","Ja","18207","19457","Ja","18206","17392","Ja","18206","5672","Ja","-","-","-"
"NL-200700141","Beekenkamp Plants BV","27247058","17754","14851","Ja","17754","15587","Ja","17754","16520","Ja","17753","14883","Ja","17753","15542","Ja","9382","18443","Ja"
"NL-200700032","Bergmont B.V.","01084799","14006","12135","Ja","14006","5877","Ja","14005","7125","Ja","14005","6276","Ja","14005","1132","Ja","-","-","-"
"NL-201000015","BioEnergieCentrale Delfzijl B.V.","51706210","-","-","-","-","-","-","-","-","-","-","-","-","-","-","-","0","7114","Ja"
"NL-200400205","BioMethanol Chemie Nederland B.V.","33201294","-","-","-","-","-","-","-","-","-","-","-","-","-","-","-","556193","258190","Ja"
"NL-200800018","Biopetrol Rotterdam B.V.","24393738","0","0","Ja","0","6013","Ja","16390","18004","Ja","22871","25210","Ja","21368","34943","Ja","0","38097","Ja"
"NL-200700046","Bloemenkwekerij Nico Kiep BV","11024645","9530","8544","Ja","9530","7777","Ja","9530","8611","Ja","9530","8108","Ja","9530","2418","Ja","-","-","-"
"NL-200700014","BMC Moerdijk B.V.","17146619","13591","9325","Ja","15387","3478","Ja","15387","1267","Ja","15387","2092","Ja","15387","1480","Ja","-","-","-"
"NL-200400017","BP Raffinaderij Rotterdam B.V.","24178415","1956227","2130368","Ja","1956227","2025190","Ja","1956226","2245441","Ja","1956226","2145612","Ja","1956226","2112452","Ja","1646715","1944366","Ja"
"NL-201000120","Brabantse Asfaltcentrale (BAC)","17076495","-","-","-","-","-","-","-","-","-","-","-","-","-","-","-","3525","4614","Ja"
"NL-200800043","Leo Hoogweg B.V. (KBW 2-1)","27138860","-","-","-","18096","13180","Ja","18096","16070","Ja","18096","16531","Ja","18096","18105","Ja","7498","15414","Ja"
"NL-200900081","C. Zwinkels","51195941","-","-","-","4033","2527","Ja","17718","16110","Ja","17718","15813","Ja","17718","3743","Ja","-","-","-"
"NL-200700047","C.G. van Winden B.V.","27224710","16258","14838","Ja","16257","13971","Ja","16257","16319","Ja","16257","14590","Ja","16257","4390","Ja","-","-","-"
"NL-200400203","Cabot B.V.","24108495","220899","209077","Ja","220899","195371","Ja","220899","227514","Ja","220898","239006","Ja","220898","240770","Ja","195634","223075","Ja"
"NL-200500006","Cabot Norit Activated Carbon, Klazienaveen plant","31020246","-","-","-","-","-","-","-","-","-","-","-","-","-","-","-","128815","115295","Ja"
"NL-201100058","Caldic Chemie B.V.","24183521","-","-","-","-","-","-","-","-","-","-","-","-","-","-","-","14643","14381","Ja"
"NL-200400115","Cargill B.V. Multiseed Amsterdam","33119622","32392","31220","Ja","32392","30564","Ja","32392","30606","Ja","32391","27738","Ja","32391","23548","Ja","21857","29380","Ja"
"NL-200500089","Cargill B.V. Rotterdam Botlek","33119622","29969","26065","Ja","29968","26330","Ja","29968","25762","Ja","29968","24055","Ja","29968","25030","Ja","20580","26732","Ja"
"NL-200400295","Cargill B.V. Sojafabrieken Amsterdam","33119622","70794","70050","Ja","70793","66609","Ja","70793","69446","Ja","70793","63312","Ja","70793","48982","Ja","56374","63723","Ja"
"NL-200400182","Cargill B.V. Sas van Gent","33119622","201286","206599","Ja","201286","190943","Ja","201285","179977","Ja","201285","173818","Ja","201285","193773","Ja","157311","200881","Ja"
"NL-200400215","Cargill Bergen op Zoom BKG 1","33119622","61653","51661","Ja","61653","50831","Ja","61653","49254","Ja","61652","56604","Ja","61652","57225","Ja","59643","5707","Ja"
"NL-200400215a","Cargill Bergen op Zoom BKG 2","33119622","-","-","-","-","-","-","-","-","-","-","-","-","-","-","-","1391","12981","Ja"
"NL-200400130","Centrica Production Nederland B.V.","34081068","-","-","-","-","-","-","-","-","-","-","-","-","-","-","-","101612","152766","Ja"
"NL-201200101","Century Aluminum Vlissingen BV","55195229","-","-","-","-","-","-","-","-","-","-","-","-","-","-","-","0","1043","Ja"
"NL-200400161","Chemelot BKG 01","14083045","3246446","2557303","Ja","3956256","2966647","Ja","3559598","3174699","Ja","3559598","2816336","Ja","3517844","2928323","Ja","823629","746865","Ja"
"NL-200400161a","Chemelot BKG 02","14083045","-","-","-","-","-","-","-","-","-","-","-","-","-","-","-","1017692","1516756","Ja"
"NL-200400161b","Chemelot BKG 03","14083045","-","-","-","-","-","-","-","-","-","-","-","-","-","-","-","732093","949936","Ja"
"NL-200400161c","Chemelot BKG 04","14083045","-","-","-","-","-","-","-","-","-","-","-","-","-","-","-","767596","925279","Ja"
"NL-200400161d","Chemelot BKG 05","14083045","-","-","-","-","-","-","-","-","-","-","-","-","-","-","-","73645","26089","Ja"
"NL-200400161e","Chemelot BKG 06","14083045","-","-","-","-","-","-","-","-","-","-","-","-","-","-","-","144616","16151","Ja"
"NL-200400161f","Chemelot BKG 07","14083045","-","-","-","-","-","-","-","-","-","-","-","-","-","-","-","65465","34818","Ja"
"NL-200400161g","Chemelot BKG 08","14083045","-","-","-","-","-","-","-","-","-","-","-","-","-","-","-","44119","99016","Ja"
"NL-200400161h","Chemelot BKG 09","14083045","-","-","-","-","-","-","-","-","-","-","-","-","-","-","-","92043","176497","Ja"
"NL-200400161i","Chemelot BKG 10","14083045","-","-","-","-","-","-","-","-","-","-","-","-","-","-","-","208588","92636","Ja"
"NL-200400161j","Chemelot BKG 11","14083045","-","-","-","-","-","-","-","-","-","-","-","-","-","-","-","133956","45070","Ja"
"NL-200400161k","Chemelot BKG 12","14083045","-","-","-","-","-","-","-","-","-","-","-","-","-","-","-","126048","52396","Ja"
"NL-200400161l","Chemelot BKG 13","14083045","-","-","-","-","-","-","-","-","-","-","-","-","-","-","-","145039","42523","Ja"
"NL-200400161m","Chemelot BKG 14","14083045","-","-","-","-","-","-","-","-","-","-","-","-","-","-","-","26324","83402","Ja"
"NL-200700167","Combinations B.V.","27234978","13123","11841","Ja","13123","10890","Ja","13123","12803","Ja","13123","11481","Ja","13123","11990","Ja","6741","13588","Ja"
"NL-200500069","FloraHolland Aalsmeer","34284016","8357","9525","Ja","8357","9340","Ja","8357","11455","Ja","8357","8404","Ja","8357","9848","Ja","8605","10403","Ja"
"NL-200500059","FloraHolland Vestiging Naaldwijk","34284016","6935","9199","Ja","6935","9122","Ja","6935","9528","Ja","6935","7484","Ja","6935","8675","Ja","5864","9263","Ja"
"NL-200400142","Coöperatieve Grasdrogerij Ruinerwold en omstreken B.A.","04006722","-","-","-","-","-","-","-","-","-","-","-","-","-","-","-","18067","20362","Ja"
"NL-200400146","Croda Nederland B.V.","24324849","51515","47935","Ja","51515","52032","Ja","51515","52384","Ja","51515","47939","Ja","51515","50503","Ja","42924","42582","Ja"
"NL-200400284","Crown Van Gelder N.V.","34059938","147933","143143","Ja","147933","140193","Ja","147933","140677","Ja","147933","140890","Ja","147933","141729","Ja","63824","141965","Ja"
"NL-200500022","DAF Trucks N.V.","17078445","9429","10659","Ja","9428","8570","Ja","9428","11431","Ja","9428","10709","Ja","9428","11053","Ja","11546","18891","Ja"
"NL-200400030","Dana Petroleum Netherlands B.V. facility F2-A-Hanze","27120679","34943","32094","Ja","34942","37066","Ja","34942","37809","Ja","34942","39846","Ja","34942","41304","Ja","8580","38726","Ja"
"NL-200600035","Dana Petroleum Netherlands B.V. facility P11-B-De Ruyter","27120679","65913","33073","Ja","65913","28887","Ja","65913","28313","Ja","65913","29394","Ja","65913","36741","Ja","23765","37122","Ja"
"NL-201000111","Strabag Asfalt","27143852","-","-","-","-","-","-","-","-","-","-","-","-","-","-","-","3096","2568","Ja"
"NL-200400119","De Kleef Energie B.V.","09135994","123088","113579","Ja","123088","114364","Ja","123088","141224","Ja","123088","133240","Ja","123088","93326","Ja","43580","101824","Ja"
"NL-200700165","De Vries Erica BV","04060356","13303","14458","Ja","13303","12031","Ja","13303","13904","Ja","13303","12802","Ja","13303","3477","Ja","-","-","-"
"NL-200800107","De Witte Ruiter Energie BV","20118422","17528","17530","Ja","17528","16765","Ja","17528","18091","Ja","17528","17585","Ja","17528","7053","Ja","-","-","-"
"NL-200700048","Dekker Chrysanten BV","36030162","14535","12190","Ja","15353","11405","Ja","15352","11043","Ja","15352","9609","Ja","15352","10144","Ja","6075","6316","Ja"
"NL-200400123","Delesto B.V.","02324488","1641566","1969524","Ja","1641566","1792602","Ja","1641566","1730523","Ja","1641566","1651637","Ja","1641566","863103","Ja","154936","665494","Ja"
"NL-200400129","WKC Kruiningen","22031457","84395","81452","Ja","84395","78423","Ja","84395","79486","Ja","84395","83310","Ja","84394","80974","Ja","50991","79596","Ja"
"NL-200400005","DELTIUS","22046022","29514","21092","Ja","29514","19584","Ja","29514","23331","Ja","29514","19201","Ja","29513","20463","Ja","13211","17165","Ja"
"NL-200400218","DOC Kaas BV, vestiging Zuivelpark","04016426","31762","35004","Ja","31761","35298","Ja","31761","38614","Ja","31761","38682","Ja","31761","41312","Ja","18959","47139","Ja"
"NL-200400214","DOC Kaas ba, vestiging Alteveerstraat","04016426","-","-","-","-","-","-","-","-","-","-","-","-","-","-","-","8699","18721","Ja"
"NL-200400084","Dow Benelux B.V. BKG 1","24104547","2491681","2532219","Ja","2491681","2348211","Ja","2491681","2515098","Ja","2491681","2259682","Ja","2491681","2566897","Ja","652244","768465","Ja"
"NL-200400084a","Dow Benelux B.V. BKG 2","24104547","-","-","-","-","-","-","-","-","-","-","-","-","-","-","-","703188","747429","Ja"
"NL-200400084b","Dow Benelux B.V. BKG 3","24104547","-","-","-","-","-","-","-","-","-","-","-","-","-","-","-","830984","768903","Ja"
"NL-200400084c","Dow Benelux B.V. BKG 4","24104547","-","-","-","-","-","-","-","-","-","-","-","-","-","-","-","180450","1771","Ja"
"NL-200400084d","Dow Benelux B.V. BKG 5","24104547","-","-","-","-","-","-","-","-","-","-","-","-","-","-","-","77401","7327","Ja"
"NL-200400084e","Dow Benelux B.V. BKG 6","24104547","-","-","-","-","-","-","-","-","-","-","-","-","-","-","-","191495","98647","Ja"
"NL-200400084f","Dow Benelux B.V. BKG 7","24104547","-","-","-","-","-","-","-","-","-","-","-","-","-","-","-","51223","46408","Ja"
"NL-200400084g","Dow Benelux B.V. BKG 8","24104547","-","-","-","-","-","-","-","-","-","-","-","-","-","-","-","73034","75525","Ja"
"NL-200400084h","Dow Benelux B.V. BKG 9","24104547","-","-","-","-","-","-","-","-","-","-","-","-","-","-","-","166385","93075","Ja"
"NL-200400046","DSM Delft Permit B.V.","51395169","132516","56944","Ja","132516","47294","Ja","132515","47171","Ja","132515","50026","Ja","132515","49967","Ja","36789","49434","Ja"
"NL-200400077","Emerald Kalama Chemical B.V.","34304785","99390","88315","Ja","99389","75834","Ja","99389","78365","Ja","99389","70629","Ja","99389","71854","Ja","120434","89272","Ja"
"NL-200400076","DuPont de Nemours (Nederland) B.V.","23026458","211037","153716","Ja","211037","124844","Ja","211037","145783","Ja","211036","146952","Ja","211036","134241","Ja","92908","184390","Ja"
"NL-200400156","E.ON Centrale De Constant Rebecqueplein","27028140","137765","164488","Ja","137764","164803","Ja","137764","184514","Ja","137764","186256","Ja","137764","192119","Ja","53836","157991","Ja"
"NL-200400157","E.ON Centrale Galileïstraat","27028140","449753","478838","Ja","449753","479826","Ja","449753","482200","Ja","449752","427452","Ja","449752","420213","Ja","154889","406988","Ja"
"NL-200400154","E.ON Centrale Leiden","27028140","115838","169023","Ja","115838","150913","Ja","115838","177944","Ja","115838","167965","Ja","115838","147278","Ja","46892","147029","Ja"
"NL-200400153","E.ON Centrale Maasvlakte","27028140","4868248","6694824","Ja","4868248","5907182","Ja","4868248","6680535","Ja","4868248","6486461","Ja","4868248","6651138","Ja","21068","6677210","Ja"
"NL-200400158","E.ON Delft Gas Turbine Centrale","27195689","11598","8735","Ja","11598","7426","Ja","11598","1700","Ja","11598","959","Ja","-","-","-","-","-","-"
"NL-200400150","E.ON HWC Bezuidenhout West","27195689","18968","21031","Ja","18968","25644","Ja","18968","21260","Ja","18968","12610","Ja","18967","11827","Ja","19458","19673","Ja"
"NL-200400160","E.ON HWC Blekerstraat","27195689","37","187","Ja","37","349","Ja","37","124","Ja","37","42","Ja","36","42","Ja","42","151","Ja"
"NL-200400149","E.ON HWC Delftse Vaart","27195689","3859","5630","Ja","3859","9023","Ja","3858","4794","Ja","3858","5156","Ja","3858","13910","Ja","5352","4922","Ja"
"NL-200400159","E.ON HWC Kop van Zuid","27195689","4291","3711","Ja","4291","5079","Ja","4291","7108","Ja","4291","5312","Ja","4290","4807","Ja","4663","5971","Ja"
"NL-200400148","E.ON HWC Stevenshof","27195689","4144","2075","Ja","4143","3162","Ja","4143","528","Ja","4143","2455","Ja","4143","1032","Ja","2101","3780","Ja"
"NL-201100057","E.ON Maasvlakte Powerplant 3","27028140","-","-","-","-","-","-","-","-","-","-","-","-","0","93","Ja","0","255714","Ja"
"NL-200400155","E.ON Centrale RoCa","27028140","681053","680570","Ja","681053","715212","Ja","681053","671331","Ja","681053","607456","Ja","681052","443383","Ja","215357","469077","Ja"
"NL-200400167","Eastman Chemical Middelburg BV","22047104","22463","25141","Ja","22463","21021","Ja","22463","27050","Ja","22462","28181","Ja","22462","24040","Ja","45993","60793","Ja"
"NL-201100049","Echter Asfaltcentrale B.V.","13020600","-","-","-","-","-","-","-","-","-","-","-","-","-","-","-","1590","1440","Ja"
"NL-200400065","GDF Suez Centrale Bergum","05043978","601303","867573","Ja","601303","970729","Ja","601303","585221","Ja","601303","76281","Ja","601302","8354","Ja","0","2062","Ja"
"NL-200400066","GDF SUEZ Energie Nederland N.V. Centrale Gelderland","05043978","2022227","3258714","Ja","2022226","2381845","Ja","2022226","2223750","Ja","2022226","2076834","Ja","2022226","2318936","Ja","0","2722750","Ja"
"NL-200400031","GDF Suez Centrale Harculo","05043978","192696","444431","Ja","192695","393320","Ja","192695","302214","Ja","192695","60847","Ja","192695","1658","Ja","0","2047","Ja"
"NL-200400063","GDF Suez Maximacentrale","05043978","19195","39200","Ja","19195","62091","Ja","796977","1052853","Ja","1881072","1906613","Ja","1881072","1726551","Ja","0","1418476","Ja"
"NL-200400075","GDF Suez Eemscentrale","05043978","3300670","4323307","Ja","3300669","5335129","Ja","3300669","4763424","Ja","3300669","3288867","Ja","3300669","1409289","Ja","0","1623948","Ja"
"NL-200400044","Elsta B.V. & Co. C.V.","22035687","1542006","1709716","Ja","1542006","1660157","Ja","1542006","1693609","Ja","1542006","1660774","Ja","1542006","1503285","Ja","0","1391541","Ja"
"NL-200400302","E-max Aluminium Remelt","14094876","-","-","-","-","-","-","-","-","-","-","-","-","-","-","-","20139","15729","Ja"
"NL-200400222","Emmtec Services bv","04056193","297585","244153","Ja","305699","151480","Ja","316324","177722","Ja","316324","178663","Ja","335383","169559","Ja","157483","164964","Ja"
"NL-200400082","ENCI B.V., vestiging IJmuiden","14602233","29222","24444","Ja","29222","15351","Ja","29221","12042","Ja","29221","10712","Ja","29221","8606","Ja","14524","8859","Ja"
"NL-200400006","ENCI B.V., vestiging Maastricht","14602233","715918","615743","Ja","715918","601070","Ja","715918","527892","Ja","715918","513492","Ja","715918","468180","Ja","598225","419461","Ja"
"NL-200400042","Enecal Energy V.O.F.","17076906","221901","222422","Ja","221900","234471","Ja","221900","205958","Ja","221900","189806","Ja","221900","100048","Ja","0","37209","Ja"
"NL-200500110","Eneco Solar, Bio & Hydro BV, HWC Ypenburg","24495269","18760","8189","Ja","18759","11704","Ja","18759","11075","Ja","18759","9447","Ja","18759","8764","Ja","9184","10448","Ja"
"NL-200700050","Eneco Solar, Bio & Hydro BV, WKC Vaanpark","24495269","6219","5404","Ja","6218","6388","Ja","6218","7170","Ja","6218","6277","Ja","6218","6130","Ja","3618","6093","Ja"
"NL-200400250","Eneco Solar, Bio & Hydro BV, WKC Vijfwal","24495269","10444","12398","Ja","10444","13926","Ja","10443","15546","Ja","10443","14980","Ja","10443","16426","Ja","6690","17070","Ja"
"NL-200400251","Eneco Solar, Bio & Hydro BV, WKC Oosterheem","24495269","11157","11119","Ja","11157","11034","Ja","11156","12319","Ja","11156","10931","Ja","11156","11506","Ja","5780","11957","Ja"
"NL-200500100","Eneco Solar, Bio & Hydro BV, WKC Wateringseveld","24495269","9673","6233","Ja","9673","7189","Ja","9673","9591","Ja","9672","8776","Ja","9672","9520","Ja","4618","9790","Ja"
"NL-200400252","Eneco Solar, Bio & Hydro BV, WKC Ypenburg","24495269","34995","36585","Ja","34994","29197","Ja","34994","38019","Ja","34994","34586","Ja","34994","39208","Ja","16730","40656","Ja"
"NL-200700122","Eneco Solar, Bio & Hydro BV, WKC Vathorst","24495269","8351","8238","Ja","8351","8453","Ja","8350","9462","Ja","8350","8958","Ja","8350","9689","Ja","4457","9910","Ja"
"NL-201000055","Enecogen","24396477","-","-","-","-","-","-","-","-","-","0","422920","Ja","0","439010","Ja","0","400218","Ja"
"NL-200700015","Energiecoöperatie Greenhouse Energy U.A.","09179185","33388","48713","Ja","45728","42915","Ja","45724","48257","Ja","45724","43756","Ja","45724","41990","Ja","21742","37340","Ja"
"NL-200400085","ESD-SIC bv","02320474","106682","126322","Ja","106682","50340","Ja","106681","102406","Ja","106681","100239","Ja","106681","84872","Ja","102218","132620","Ja"
"NL-200400136","Eska Graphic Board Hoogezand","02037748","74342","66126","Ja","74342","59862","Ja","74341","63420","Ja","74341","61111","Ja","74341","61615","Ja","50431","62948","Ja"
"NL-200400128","Eska Graphic Board Sappemeer","02037748","34893","37366","Ja","34893","29822","Ja","34893","30608","Ja","34892","31481","Ja","34892","28193","Ja","39415","29477","Ja"
"NL-200400007","Essent Energie Productie Clauscentrale","17135619","1035837","1727215","Ja","1035837","988065","Ja","1035837","568134","Ja","1035836","514054","Ja","1035836","618433","Ja","0","713739","Ja"
"NL-200400221","Essent Amercentrale","17135619","5008916","4348652","Ja","5008916","5760411","Ja","5008916","5284701","Ja","5008916","3839941","Ja","5008916","5750603","Ja","254167","5881587","Ja"
"NL-200400206","Essent BEC Cuijk","17126410","54411","196","Ja","54411","293","Ja","54411","170","Ja","54410","16","Ja","54410","198","Ja","-","-","-"
"NL-200400059","Essent Dongecentrale","17126410","72259","92028","Ja","72258","111364","Ja","72258","31660","Ja","72258","0","Ja","72258","0","Ja","-","-","-"
"NL-200400243","Essent Helmerhoek","17135619","3218","6920","Ja","3218","5596","Ja","3218","10836","Ja","3217","169","Ja","3217","1437","Ja","5193","534","Ja"
"NL-200400245","Essent Pompstation Breda","17135619","4706","3794","Ja","4706","503","Ja","4705","2474","Ja","4705","4021","Ja","4705","1188","Ja","1684","1508","Ja"
"NL-200400244","Essent Pompstation Lareijweg","17135619","1271","897","Ja","1271","994","Ja","1270","2257","Ja","1270","1185","Ja","1270","1005","Ja","765","1038","Ja"
"NL-200400246","Essent Pompstation Tilburg","17135619","7325","6758","Ja","7324","2310","Ja","7324","5212","Ja","7324","6479","Ja","7324","3827","Ja","3888","3739","Ja"
"NL-200400058","Essent WKC Bergen op Zoom","17126410","76936","18327","Ja","76936","35719","Ja","76936","38507","Ja","76935","18584","Ja","76935","0","Ja","0","2","Ja"
"NL-200400054","Essent WKC Eindhoven","17126410","76710","76139","Ja","76710","98500","Ja","76710","101558","Ja","76709","86732","Ja","76709","42514","Ja","21250","22667","Ja"
"NL-200400053","Essent WKC Erica","17135619","92921","58561","Ja","92920","78942","Ja","92920","41056","Ja","92920","68676","Ja","92920","7829","Ja","0","0","Ja"
"NL-200400057","Essent WKC Heineken","17126410","78945","18586","Ja","78945","47733","Ja","78945","72121","Ja","78944","57032","Ja","78944","6142","Ja","0","0","Ja"
"NL-200400056","Essent WKC Helmond 1/2","17126410","101547","99390","Ja","101547","126853","Ja","101546","124830","Ja","101546","80000","Ja","101546","65234","Ja","25322","64583","Ja"
"NL-200400055","Essent N.V. WKC Helmond 3","17126410","6448","0","Ja","6448","0","Ja","6448","0","Ja","-","-","-","-","-","-","-","-","-"
"NL-200400060","Essent WKC Klazienaveen","17126410","89597","55115","Ja","89597","80645","Ja","89597","59112","Ja","89596","64353","Ja","89596","126","Ja","0","0","Ja"
"NL-200400247","Essent WKC Moerdijk","17126410","577930","666234","Ja","577930","564408","Ja","577930","685320","Ja","577930","655343","Ja","577930","588904","Ja","0","586857","Ja"
"NL-200400009","Essent Productie Geleen B.V. WKC Swentibold","14063303","0","480675","Ja","-","-","-","-","-","-","-","-","-","-","-","-","-","-","-"
"NL-200400242","Essent WKC Enschede","17126410","134114","110308","Ja","134113","144539","Ja","134113","156242","Ja","134113","105102","Ja","134113","30369","Ja","29898","22706","Ja"
"NL-200400011","ESSO Raffinaderij Rotterdam","27004771","2322404","2312246","Ja","2322404","2348518","Ja","2322403","2199782","Ja","2322403","2376927","Ja","2322403","2288316","Ja","2166663","2022826","Ja"
"NL-201000014","Euro Tank Terminal BV","24363713","-","-","-","-","-","-","-","-","-","-","-","-","-","-","-","#N/B","15860","Ja"
"NL-200400043","Eurogen C.V.","24234864","461351","459935","Ja","461350","405671","Ja","461350","468348","Ja","461350","425004","Ja","461350","466164","Ja","42452","520812","Ja"
"NL-200400293","Evonik Carbon Black Nederland B.V.","24108497","142196","141670","Ja","142195","86466","Ja","142195","61343","Ja","142195","12266","Ja","142195","1170","Ja","-","-","-"
"NL-200400220","ExxonMobil Chemical Holland B.V. (RAP)","24231768","-","-","-","-","-","-","-","-","-","-","-","-","-","-","-","453019","426593","Ja"
"NL-200400219","ExxonMobil Chemical Holland B.V. (ROP)","24231768","31249","27646","Ja","31249","25256","Ja","31248","27173","Ja","31248","25652","Ja","31248","31198","Ja","66483","59024","Ja"
"NL-201100050","ExxonMobil Chemical Holland B.V. (RPP)","24231768","-","-","-","-","-","-","-","-","-","-","-","-","-","-","-","67073","49509","Ja"
"NL-200900078","Fa. A.J. Tas & Zn","60832223","-","-","-","5491","4068","Ja","24757","21911","Ja","24757","20181","Ja","24757","19887","Ja","9374","19534","Ja"
"NL-200700134","Fa. A.J.C.M. van Vliet en Zn","27227250","12425","13914","Ja","12918","12444","Ja","12917","13940","Ja","12917","13127","Ja","12917","2975","Ja","0","-","-"
"NL-200700052","Fa. Gebr. Ammerlaan","27171144","14146","12353","Ja","14146","10626","Ja","14145","12814","Ja","14145","5399","Ja","-","-","-","-","-","-"
"NL-200700056","Fa. Gebr. Zwinkels","57606447","13727","14272","Ja","13726","12348","Ja","13726","13472","Ja","13726","7003","Ja","-","-","-","-","-","-"
"NL-200700029","CV. J.W. Knoppert en zn","51108380","10902","9845","Ja","13075","9686","Ja","13075","12282","Ja","13075","11890","Ja","13075","2707","Ja","0","-","-"
"NL-200700053","Fa. P.C.M. van Vliet en Zn., Locatie Westland","27219548","31984","34093","Ja","31984","31535","Ja","31983","34919","Ja","31983","33374","Ja","31983","33974","Ja","16113","32099","Ja"
"NL-200700054","Fa. P.C.M. van Vliet en Zn., Locatie Zeevliet","27219548","23582","25939","Ja","23582","25596","Ja","23582","29216","Ja","23582","26061","Ja","23581","27383","Ja","12649","26018","Ja"
"NL-200500009","Trespa International B.V.","24270677","22070","22162","Ja","22069","19928","Ja","22069","24297","Ja","22069","22263","Ja","22069","21231","Ja","19595","27963","Ja"
"NL-200400166","Farm Frites B.V.","24222801","41727","24832","Ja","41727","25327","Ja","41727","25696","Ja","41726","25621","Ja","41726","26650","Ja","20725","25915","Ja"
"NL-200400233","Favini Apeldoorn B.V.","08001398","19775","205","Ja","19775","0","0","-","-","-","-","-","-","-","-","-","-","-","-"
"NL-200400277","Ferro (Holland) B.V. Porcelain Enamel","24032957","7480","3813","Ja","-","-","-","-","-","-","-","-","-","-","-","-","-","-","-"
"NL-200700055","Firma G.J.A. van Adrichem","27220298","22246","21241","Ja","22246","18359","Ja","22246","20696","Ja","22245","18289","Ja","22245","5999","Ja","-","-","-"
"NL-200700057","VOF Kaaij Kwekerij","27168864","9958","9426","Ja","9958","8965","Ja","9958","10452","Ja","9958","10431","Ja","9958","2393","Ja","-","-","-"
"NL-200700059","Firma H.G.L. Zwinkels en Zn.","27249429","14427","15283","Ja","21577","18805","Ja","21577","19854","Ja","21577","7318","Ja","-","-","-","-","-","-"
"NL-200900062","Firma Kwekerij RIMATO","27262059","-","-","-","2293","2230","Ja","22820","19771","Ja","22820","17597","Ja","22820","8806","Ja","-","-","-"
"NL-200700060","Forbo Flooring B.V.","35000233","10107","11594","Ja","10107","11875","Ja","10107","12554","Ja","10107","11571","Ja","10107","11330","Ja","14199","14597","Ja"
"NL-200400274","FrieslandCampina Bedum","18039614","17419","20312","Ja","17419","19026","Ja","17419","18301","Ja","17418","21209","Ja","17418","20850","Ja","18080","27401","Ja"
"NL-200400216","FrieslandCampina Beilen","18039614","45593","44933","Ja","45593","44247","Ja","45593","45595","Ja","45593","44084","Ja","45592","43167","Ja","41127","48559","Ja"
"NL-200400257","FrieslandCampina Domo locatie Borculo","18039614","83230","57954","Ja","83230","47650","Ja","83230","38428","Ja","83230","43751","Ja","83229","57614","Ja","51194","58401","Ja"
"NL-200400248","FrieslandCampina DMV B.V., locatie Veghel","11057386","134797","106830","Ja","134797","108198","Ja","134797","106169","Ja","134797","104229","Ja","134796","103292","Ja","84204","125166","Ja"
"NL-200700061","FrieslandCampina Dronrijp","18039614","9822","11758","Ja","9821","11238","Ja","9821","11116","Ja","9821","6096","Ja","-","-","-","-","-","-"
"NL-200400253","FrieslandCampina Leeuwarden","18039614","67952","68603","Ja","67952","70997","Ja","67952","69804","Ja","67952","71331","Ja","67952","58033","Ja","44283","56028","Ja"
"NL-200400261","FrieslandCampina Lochem","18039614","22564","24461","Ja","22564","25446","Ja","22564","24964","Ja","22564","25038","Ja","22563","24513","Ja","38999","42572","Ja"
"NL-200700062","FrieslandCampina Meppel (Kievit)","18039614","14580","18447","Ja","14580","19890","Ja","14580","21204","Ja","-","-","-","-","-","-","-","-","-"
"NL-200700063","FrieslandCampina Workum","18039614","15225","17132","Ja","15225","18883","Ja","15225","19766","Ja","15225","18894","Ja","15224","18183","Ja","18775","23452","Ja"
"NL-200400255","Frisia Zout B.V.","01089417","128250","130593","Ja","128250","106166","Ja","128249","124246","Ja","128249","39293","Ja","128249","1677","Ja","0","508","Ja"
"NL-200400165","FUJIFILM Manufacturing Europe B.V.","18025280","49697","45554","Ja","49697","38502","Ja","49697","44180","Ja","49697","50852","Ja","49697","53047","Ja","34719","37944","Ja"
"NL-200700019","G.J.M. van Ruijven","24489779","9238","8024","Ja","9237","7219","Ja","9237","8234","Ja","9237","7973","Ja","9237","2391","Ja","-","-","-"
"NL-201300107","Gate Terminal B.V. (Maasvlakte)","24385944","-","-","-","-","-","-","-","-","-","-","-","-","-","-","-","0","21","Ja"
"NL-200400175","GDF SUEZ E&P Nederland BV, K12-B platform","27113806","10803","14825","Ja","10803","15719","Ja","10803","14392","Ja","10803","14063","Ja","10803","15117","Ja","31766","33438","Ja"
"NL-200400285","GDF SUEZ E&P Nederland BV, F3-FB-1 platform","27113806","79842","66685","Ja","79842","54798","Ja","79842","53818","Ja","79842","53450","Ja","79841","60401","Ja","0","56779","Ja"
"NL-201200005","GDF Suez Centrale Rotterdam","05043978","-","-","-","-","-","-","-","-","-","-","-","-","0","95","Ja","0","183009","Ja"
"NL-200800069","GDF SUEZ E&P Nederland B.V., D15-A platform","27113806","-","-","-","-","-","-","-","-","-","-","-","-","-","-","-","19779","26136","Ja"
"NL-200800070","GDF SUEZ E&P Nederland B.V., G17-d-A/AP platform","27113806","-","-","-","-","-","-","-","-","-","-","-","-","-","-","-","38214","30360","Ja"
"NL-200400172","Gaz de France, L10-A platform","27113806","-","-","-","-","-","-","-","-","-","-","-","-","-","-","-","73766","72440","Ja"
"NL-200700025","Tomatenkwekerij Gebr. Duijvestijn","27227342","14451","15166","Ja","18732","15840","Ja","18731","17221","Ja","18731","15124","Ja","18731","9043","Ja","8781","1686","Ja"
"NL-200800066","Gebr. van der Lee","23045407","-","-","-","-","-","-","-","-","-","-","-","-","-","-","-","5813","8567","Ja"
"NL-200700064","Gebr. van der Voort","27233536","12176","14032","Ja","13084","11124","Ja","13084","13708","Ja","13084","5356","Ja","-","-","-","-","-","-"
"NL-200700037","Gebr. Van Duijn B.V.","27227076","10912","12593","Ja","10912","10012","Ja","10912","10339","Ja","10912","6455","Ja","-","-","-","-","-","-"
"NL-200400135","Gebr. Gresnigt Holding B.V. (Seasun West)","30076414","42066","40381","Ja","42066","36052","Ja","42066","42020","Ja","42066","40476","Ja","42065","42205","Ja","25714","36802","Ja"
"NL-200700065","Gebroeders L. & J. Voskamp BV","27215630","22441","25036","Ja","22440","23597","Ja","22440","28595","Ja","22440","21069","Ja","22440","17941","Ja","12687","19200","Ja"
"NL-200400287","SCA Nederland B.V.","33137904","19011","19377","Ja","19011","18691","Ja","19011","19835","Ja","19011","19816","Ja","19010","20241","Ja","19080","20332","Ja"
"NL-200900063","Gipmans Groep","12046740","-","-","-","8752","5014","Ja","19025","14345","Ja","19025","12735","Ja","19025","12307","Ja","8590","13119","Ja"
"NL-200700103","Givaudan Nederland BV","32043950","9551","8882","Ja","9551","8918","Ja","9550","8884","Ja","9550","7733","Ja","9550","4657","Ja","-","-","-"
"NL-201300201","Global Switch Amsterdam B.V.","27184200","-","-","-","-","-","-","-","-","-","-","-","-","-","-","-","0","821","Ja"
"NL-200400217","Grasdrogerij Hartog B.V.","37125836","-","-","-","-","-","-","-","-","-","-","-","-","-","-","-","6150","5441","Ja"
"NL-200700067","Green O5 B.V.","27282114","7673","4624","Ja","11085","6176","Ja","11085","8120","Ja","11085","6138","Ja","11084","2417","Ja","-","-","-"
"NL-200500081","Grolsche Bierbrouwerij Nederland BV","06060381","15622","9149","Ja","15621","8079","Ja","15621","7635","Ja","15621","7236","Ja","15621","7375","Ja","8031","7130","Ja"
"NL-201000122","Haagse Asfaltcentrale (HAC)","27257077","-","-","-","-","-","-","-","-","-","-","-","-","-","-","-","3226","5146","Ja"
"NL-200700068","Hasselt Energy B.V.","24308111","20988","17925","Ja","20988","12658","Ja","20988","12342","Ja","20987","11895","Ja","20987","4699","Ja","-","-","-"
"NL-200700030","HB Energy BV","01111457","37112","34156","Ja","37112","33060","Ja","37112","34453","Ja","37112","31380","Ja","37112","29844","Ja","15673","32432","Ja"
"NL-200400202","Heineken Nederland B.V., brouwerij Zoeterwoude","33127977","73534","67614","Ja","73534","60803","Ja","73533","51762","Ja","73533","48523","Ja","73533","47267","Ja","33611","47285","Ja"
"NL-200400227","Heineken Nederland B.V., locatie Den Bosch","33127977","15017","22200","Ja","15016","17541","Ja","15016","13215","Ja","15016","13033","Ja","15016","19420","Ja","21322","18484","Ja"
"NL-201100008","Holland Malt B.V. locatie Eemshaven","30122973","-","-","-","-","-","-","-","-","-","-","-","-","-","-","-","17015","17625","Ja"
"NL-200700069","Hollandplant B.V.","24312764","5026","287","Ja","5026","379","Ja","5026","791","Ja","5025","855","Ja","5025","557","Ja","479","263","Ja"
"NL-200700070","Huhtamaki Nederland BV","01051894","15359","14392","Ja","15359","13406","Ja","15359","13123","Ja","15359","12838","Ja","15359","13050","Ja","11772","12792","Ja"
"NL-200500014","IAMS Europe B.V.","17095607","-","-","-","-","-","-","-","-","-","-","-","-","-","-","-","8205","9699","Ja"
"NL-200400249","Indorama Holdings Rotterdam BV","34289131","107861","102492","Ja","107860","116784","Ja","107860","115644","Ja","107860","117123","Ja","107860","111548","Ja","114638","157310","Ja"
"NL-200900071","IOI - Loders Croklaan Oils B.V.","34204984","-","-","-","-","-","-","7220","8498","Ja","11194","14891","Ja","10974","15721","Ja","8342","15642","Ja"
"NL-200700071","J.A.M. Groenewegen B.V.","24196847","14213","12940","Ja","-","-","-","-","-","-","-","-","-","-","-","-","-","-","-"
"NL-200700018","J.A.M. van Marrewijk BV","27228301","15211","14093","Ja","15211","10126","Ja","15211","13197","Ja","15211","13025","Ja","15211","4174","Ja","-","-","-"
"NL-200400137","J.G. Timmerman Groenvoederdrogerij B.V.","22018968","-","-","-","-","-","-","-","-","-","-","-","-","-","-","-","15647","18032","Ja"
"NL-200900009","J.S.E. B.V.","17201731","-","-","-","6338","6123","Ja","20731","18112","Ja","20731","18715","Ja","20731","21074","Ja","0","15341","Ja"
"NL-200700072","Jansen Hoeven BV","20110240","10032","11364","Ja","10031","9137","Ja","10031","10935","Ja","10031","11015","Ja","10031","0","Ja","-","-","-"
"NL-200800025","Jansen Paprika","27272245","3689","3691","Ja","14108","13443","Ja","14108","15771","Ja","14108","15308","Ja","14108","3222","Ja","-","-","-"
"NL-200500011","Johnson Matthey B.V.","14600043","3320","4366","Ja","3319","3838","Ja","3319","4612","Ja","3319","4012","Ja","3319","3885","Ja","3970","4115","Ja"
"NL-200700104","Kaaij Group","24186434","11070","8207","Ja","15361","14407","Ja","15360","13940","Ja","15360","12718","Ja","15360","4088","Ja","-","-","-"
"NL-200700073","KBB Holland","24341798","16708","15180","Ja","28381","21115","Ja","28381","24054","Ja","28381","22294","Ja","28381","20056","Ja","10865","18714","Ja"
"NL-200700152","Kesgro","27242068","32225","26409","Ja","45087","35829","Ja","45087","41518","Ja","45087","40360","Ja","45087","39462","Ja","17809","42660","Ja"
"NL-200800102","Kisuma Chemicals B.V.","02061424","10705","10475","Ja","12519","5862","Ja","13972","11021","Ja","14515","10341","Ja","16422","7928","Ja","10225","13188","Ja"
"NL-200700074","Kleiwarenfabriek Buggenum BV","13032188","5483","5618","Ja","5483","6112","Ja","5483","6090","Ja","5483","6046","Ja","5482","5636","Ja","4954","4891","Ja"
"NL-200400271","Kleiwarenfabriek De Bylandt B.V.","09004469","31576","35843","Ja","31576","36649","Ja","31576","35560","Ja","31576","31049","Ja","31576","32438","Ja","31812","31028","Ja"
"NL-200700075","Kleiwarenfabriek De Waalwaard","34015208","9051","7755","Ja","9051","6094","Ja","9051","0","Ja","-","-","-","-","-","-","-","-","-"
"NL-200700076","Kleiwarenfabriek Facade Beek","13032188","7955","8560","Ja","7955","7224","Ja","7955","7611","Ja","7955","7730","Ja","7954","7314","Ja","7082","7139","Ja"
"NL-200700077","Kleiwarenfabriek Joosten Kessel BV","13032188","11297","13130","Ja","11297","10142","Ja","11297","6892","Ja","11296","5974","Ja","11296","6639","Ja","11808","6920","Ja"
"NL-200700078","Kleiwarenfabriek Joosten Wessem BV","13032188","7556","9039","Ja","7556","7761","Ja","7556","8290","Ja","7556","7615","Ja","7555","7588","Ja","8511","7489","Ja"
"NL-200700135","Kleiwarenfabriek Nuth","13032188","9738","6072","Ja","9738","5895","Ja","9738","4902","Ja","9738","4670","Ja","9737","4593","Ja","3872","4417","Ja"
"NL-200500088","KLM Engineering & Maintenance Schiphol Oost","33014286","12305","10422","Ja","12304","10543","Ja","12304","11908","Ja","12304","10432","Ja","12304","10325","Ja","12233","17383","Ja"
"NL-200400139","Koch HC Partnership B.V.","33298434","97263","95076","Ja","97263","96720","Ja","97263","104011","Ja","97263","106580","Ja","97263","118310","Ja","103608","90314","Ja"
"NL-200400212","Koninklijke Douwe Egberts B.V.","01045536","8352","10327","Ja","8352","10403","Ja","8352","11059","Ja","8352","10175","Ja","8352","11740","Ja","15429","12866","Ja"
"NL-200700079","Koninklijke Machinefabriek Stork","06019278","5426","3696","Ja","-","-","-","-","-","-","-","-","-","-","-","-","-","-","-"
"NL-200700145","Koninklijke Mosa B.V., locatie Vloertegel","14600086","-","-","-","-","-","-","-","-","-","-","-","-","-","-","-","13298","14777","Ja"
"NL-200700036","Koninklijke Mosa BV, locatie Wandtegel","14600086","23936","23104","Ja","23936","23725","Ja","23936","22954","Ja","23936","22621","Ja","23935","20921","Ja","21040","20500","Ja"
"NL-200400169","Koninklijke Nedalco B.V.","20002639","33855","31445","Ja","33855","17663","Ja","33854","4614","Ja","-","-","-","-","-","-","-","-","-"
"NL-200700080","Koole Tankstorage Pernis B.V.","24250858","8822","505","Ja","8822","33","Ja","8822","184","Ja","8822","6041","Ja","8822","14599","Ja","11134","15285","Ja"
"NL-200800076","Koudasfalt Staphorst BV","05024903","-","-","-","-","-","-","-","-","-","-","-","-","-","-","-","3267","3802","Ja"
"NL-200400138","Kuwait Petroleum Europoort B.V.","24137800","523569","518294","Ja","523569","526735","Ja","523568","531079","Ja","523568","551950","Ja","523568","511089","Ja","455758","427554","Ja"
"NL-200900080","Kwekerij 4Evergreen - lokatie Sint-Annaland","27235312","-","-","-","2020","576","Ja","17104","16420","Ja","17104","14642","Ja","17104","3910","Ja","-","-","-"
"NL-200700038","Kwekerij 4Evergreen - lokatie Steenbergen","27307023","27357","30691","Ja","27357","29563","Ja","27357","30670","Ja","27357","28027","Ja","27356","26763","Ja","14456","25820","Ja"
"NL-200700174","Kwekerij Bergpeppers BV","27273364","18865","18167","Ja","23210","19477","Ja","23210","21989","Ja","23210","23782","Ja","23210","13475","Ja","-","-","-"
"NL-200700185","Kwekerij de Graafsebos CV","17102771","8359","8726","Ja","8359","9933","Ja","8359","13045","Ja","8359","11404","Ja","8359","11385","Ja","-","-","-"
"NL-200700082","Kwekerij De Kabel BV","27304173","22372","19067","Ja","22372","16416","Ja","22372","19248","Ja","22371","17214","Ja","22371","17712","Ja","8522","17972","Ja"
"NL-200700120","Kwekerij de Punderman CV","17086693","13248","14030","Ja","13248","13901","Ja","13248","15333","Ja","13248","13372","Ja","13248","13321","Ja","-","-","-"
"NL-200700148","Kwekerij de Wieringermeer","27280080","46133","44580","Ja","59356","53260","Ja","59356","62468","Ja","59356","52712","Ja","59356","52144","Ja","27872","52540","Ja"
"NL-200700083","Kwekerij Dukker Konneweg (1)","24280765","11724","11382","Ja","12535","9525","Ja","12535","11612","Ja","12535","10740","Ja","12535","3675","Ja","-","-","-"
"NL-200900045","Kwekerij Dukker B.V.","24280765","-","-","-","12483","9827","Ja","12483","11144","Ja","12483","4514","Ja","-","-","-","-","-","-"
"NL-200600040","Harting Holland B.V.","27183760","44142","40574","Ja","44142","32697","Ja","44142","40172","Ja","44142","37294","Ja","44141","36273","Ja","20458","24168","Ja"
"NL-200700149","Kwekerij Helderman","27263454","20983","17184","Ja","34502","27564","Ja","34502","32048","Ja","34502","30338","Ja","34502","30394","Ja","15034","21034","Ja"
"NL-200800108","Kwekerij Het Kraaiennest BV","27197799","-","-","Ja","29842","21130","Ja","29842","26374","Ja","29842","20866","Ja","29842","17478","Ja","11698","3626","Ja"
"NL-200700170","Kwekerij Minida","24361499","15937","16917","Ja","15937","13312","Ja","15937","15499","Ja","15937","14910","Ja","15937","14295","Ja","7230","13259","Ja"
"NL-200900079","Kwekerij Mooijman","27341899","-","-","-","4371","2991","Ja","19385","18059","Ja","19385","17620","Ja","19385","16450","Ja","11674","16740","Ja"
"NL-200700051","Kwekerij Overgaag","53628160","11974","14882","Ja","11974","12395","Ja","11974","14928","Ja","11974","13757","Ja","11974","13551","Ja","6975","5028","Ja"
"NL-200700085","Kwekerij Peter Hoogerbrugge BV","27184908","7830","6786","Ja","7829","6686","Ja","7829","9511","Ja","7829","7452","Ja","7829","1996","Ja","-","-","-"
"NL-200700022","Kwekerij Rozenhof Moerkapelle BV","29036635","13329","13487","Ja","13328","14586","Ja","13328","15513","Ja","13328","15036","Ja","13328","3884","Ja","-","-","-"
"NL-200900093","Kwekerij Schenkeveld II B.V.","27217628","-","-","-","3324","1003","Ja","16262","12883","Ja","16262","11155","Ja","16262","2547","Ja","-","-","-"
"NL-200700086","Kwekerij Schenkeveld III B.V.","27268099","12722","12939","Ja","12721","10448","Ja","12721","13256","Ja","12721","10340","Ja","12721","2488","Ja","-","-","-"
"NL-200700184","Kwekerij Varenschut CV","18055939","17690","16901","Ja","17690","17374","Ja","17690","18544","Ja","17690","14487","Ja","17690","15968","Ja","-","-","-"
"NL-200800077","KWS Infra B.V. Asfaltcentrale Eindhoven","05062469","-","-","-","-","-","-","-","-","-","-","-","-","-","-","-","2225","2731","Ja"
"NL-200800072","KWS Infra B.V. Asfaltcentrale Roosendaal","05062469","-","-","-","-","-","-","-","-","-","-","-","-","-","-","-","1890","3800","Ja"
"NL-200700023","L.W. vd Houwen B.V.","24275343","20508","19680","Ja","20508","19612","Ja","20508","17927","Ja","20508","16197","Ja","20508","8674","Ja","-","-","-"
"NL-200500045","Lamb Weston Meijer V.O.F., vestiging Oosterbierum","22036226","21687","24951","Ja","21687","14214","Ja","-","-","-","-","-","-","-","-","-","-","-","-"
"NL-200700087","Lans Zeeland BV, Locatie Lans Bathpolderdwarsweg","27257269","20597","21640","Ja","20597","21874","Ja","20596","23803","Ja","20596","21465","Ja","20596","21465","Ja","-","-","-"
"NL-200700088","Lans Westland BV, Locatie Lans Burgerweg","27231494","19478","17898","Ja","19478","17575","Ja","19478","20360","Ja","19477","18249","Ja","19477","17174","Ja","-","-","-"
"NL-200700089","Lans Westland BV, Locatie Lans Herenwerf","27231494","13223","12949","Ja","13222","12547","Ja","13222","14261","Ja","13222","13543","Ja","13222","12198","Ja","-","-","-"
"NL-200800008","Lans Westland BV, Locatie Lans Maasambacht","27231494","15371","15267","Ja","15371","13843","Ja","15371","15298","Ja","15371","12945","Ja","15371","13283","Ja","-","-","-"
"NL-200800101","Leo Hoogweg B.V. (KBW 10-2)","27138860","-","-","-","40811","32119","Ja","66983","60673","Ja","66983","57118","Ja","66983","54854","Ja","29446","52882","Ja"
"NL-200400226","Loders Croklaan B.V.","35011263","30086","22136","Ja","30086","20580","Ja","30086","21431","Ja","30086","20451","Ja","30085","20333","Ja","15570","19359","Ja"
"NL-200500025","Lamb Weston Meijer V.O.F., vestiging Bergen op Zoom","22036226","21967","22332","Ja","21967","22411","Ja","21967","22128","Ja","21966","22487","Ja","21966","23668","Ja","18938","21863","Ja"
"NL-201100010","Lyondell Bayer Manufacturing Maasvlakte VOF","24313844","-","-","-","-","-","-","-","-","-","-","-","-","-","-","-","460446","10996","Ja"
"NL-200400083","Lyondell Chemie Nederland B.V. - Botlek locatie","24314683","-","-","-","-","-","-","-","-","-","-","-","-","-","-","-","506564","127282","Ja"
"NL-201100016","Lyondell Chemie Nederland B.V. - Europoort locatie","24314683","-","-","-","-","-","-","-","-","-","-","-","-","-","-","-","100","5315","Ja"
"NL-200900013","MaasStroom Energie C.V.","24421354","-","-","-","0","84","Ja","664482","639568","Ja","931060","598030","Ja","864701","269729","Ja","0","241515","Ja"
"NL-200700026","Marjoland B.V.","27190670","29628","29777","Ja","34592","28725","Ja","39555","37165","Ja","39555","37496","Ja","39555","10690","Ja","-","-","-"
"NL-200700090","Mars Food Europe CV","23051922","8708","9034","Ja","8708","8691","Ja","8708","7812","Ja","8707","7809","Ja","8707","7117","Ja","7598","7537","Ja"
"NL-200700091","Mars Nederland BV","16021492","11805","12919","Ja","11804","12455","Ja","11804","12005","Ja","11804","13504","Ja","11804","12899","Ja","10250","14072","Ja"
"NL-200400078","Mayr-Melnhof Eerbeek B.V.","08038270","70733","53134","Ja","70733","51312","Ja","70733","65152","Ja","70732","58615","Ja","70732","59675","Ja","35278","65855","Ja"
"NL-200400097","McCain Foods Holland B.V., vestiging Lelystad","22000299","6999","11134","Ja","6999","9772","Ja","6999","10291","Ja","6999","11237","Ja","6999","21185","Ja","13558","22559","Ja"
"NL-200600037","McCain Foods Holland B.V., vestiging Lewedorp","22000299","12129","14454","Ja","12129","14753","Ja","12129","15780","Ja","12129","17074","Ja","12128","16775","Ja","10014","17525","Ja"
"NL-200400263","Meerssen Papier BV","14612293","17681","3349","Ja","17680","3368","Ja","17680","5021","Ja","17680","4267","Ja","17680","4656","Ja","4850","4560","Ja"
"NL-200800024","Michel Grootscholten","27325901","6383","5316","Ja","14237","11377","Ja","14237","12720","Ja","14237","11783","Ja","14237","3212","Ja","-","-","-"
"NL-200500057","Ministerie van Defensie, Nieuwe Haven Terrein","27370985","14474","16209","Ja","14474","16292","Ja","14474","19044","Ja","14474","18860","Ja","14474","15360","Ja","10098","14227","Ja"
"NL-200400094","Minnewit B.V.","34237795","92547","51111","Ja","92546","120404","Ja","92546","125802","Ja","92546","82513","Ja","92546","342","Ja","-","-","-"
"NL-201100011","Basell Benelux B.V.","20078583","-","-","-","-","-","-","-","-","-","-","-","-","-","-","-","28517","10788","Ja"
"NL-200400258","Momentive Specialty Chemicals B.V.","24294676","-","-","-","-","-","-","-","-","-","-","-","-","-","-","-","172636","36873","Ja"
"NL-200400258a","Momentive Specialty Chemicals B.V. BKG 2","24294676","-","-","-","-","-","-","-","-","-","-","-","-","-","-","-","9363","4607","Ja"
"NL-200400239","Monier Tegelen","30223100","-","-","-","-","-","-","-","-","-","-","-","-","-","-","-","8750","10515","Ja"
"NL-200400238","Monier Woerden","30223100","-","-","-","-","-","-","-","-","-","-","-","-","-","-","-","13000","9895","Ja"
"NL-200700033","MTS Harry Wubben Chrysanten","27363819","6258","6682","Ja","6257","5930","Ja","6257","7247","Ja","6257","6526","Ja","6257","2385","Ja","-","-","-"
"NL-200700092","MTS J.C.M. van Marrewijk","27366938","11893","10912","Ja","11893","11009","Ja","11893","11342","Ja","11893","4826","Ja","-","-","-","-","-","-"
"NL-200400008","EPZ Conventional Operations","17059425","1681912","1794362","Ja","1681912","1726873","Ja","1681912","2107372","Ja","1681912","2089834","Ja","1681912","2051070","Ja","30844","2177074","Ja"
"NL-200400268","NAM B.V. Gasbehandelingsinstallatie Grijpskerk (GRK-GDF)","04008869","-","-","-","-","-","-","-","-","-","-","-","-","-","-","-","8583","10954","Ja"
"NL-200400273","NAM B.V. Gasproductie en gascompressie-installatie Ameland Westgat","04008869","-","-","-","-","-","-","-","-","-","-","-","-","-","-","-","50380","59915","Ja"
"NL-200400269","NAM B.V. gaszuiveringsinstallatie (GZI) Emmen","04008869","58966","48391","Ja","58965","54547","Ja","58965","55619","Ja","58965","43765","Ja","58965","43119","Ja","37506","59104","Ja"
"NL-201000124","NAM B.V. Grijpskerk USG","04008869","-","-","-","-","-","-","-","-","-","-","-","-","-","-","-","4979","6802","Ja"
"NL-200400260","NAM B.V. locatie Den Helder","04008869","-","-","-","-","-","-","-","-","-","-","-","-","-","-","-","21063","22782","Ja"
"NL-201000125","NAM B.V. Norg USG","04008869","-","-","-","-","-","-","-","-","-","-","-","-","-","-","-","7762","6691","Ja"
"NL-201000047","NAM B.V. Warmtekrachtcentrale en Oliebehandelingsinstallatie Schoonebeek (WKC/OBI)","04058658","-","-","-","-","-","-","0","0","Ja","0","59258","Ja","0","154290","Ja","0","177001","Ja"
"NL-200400280","NAM, locatie K14-FA-1C/P","04008869","-","-","-","-","-","-","-","-","-","-","-","-","-","-","-","115912","130489","Ja"
"NL-200400279","NAM, locatie L9-FF-1","04008869","-","-","-","-","-","-","-","-","-","-","-","-","-","-","-","56006","54794","Ja"
"NL-200400207","Nederlandse Gasunie CS Alphen N.V.","02029700","-","-","-","-","-","-","-","-","-","-","-","-","-","-","-","132","92","Ja"
"NL-200400104","Nederlandse Gasunie CS Beverwijk N.V.","02029700","-","-","-","-","-","-","-","-","-","-","-","-","-","-","-","12806","8732","Ja"
"NL-200400105","Nederlandse Gasunie CS Oldeboorn N.V.","02029700","-","-","-","-","-","-","-","-","-","-","-","-","-","-","-","4501","15898","Ja"
"NL-200400106","Nederlandse Gasunie CS Ommen N.V.","02029700","-","-","-","-","-","-","-","-","-","-","-","-","-","-","-","34822","30052","Ja"
"NL-200400102","Nederlandse Gasunie CS Ravenstein N.V.","02029700","-","-","-","-","-","-","-","-","-","-","-","-","-","-","-","79315","23750","Ja"
"NL-200400014","Nederlandse Gasunie CS Spijk N.V.","02029700","-","-","-","-","-","-","-","-","-","-","-","-","-","-","-","45062","7370","Ja"
"NL-200400101","Nederlandse Gasunie CS Wieringermeer N.V.","02029700","-","-","-","-","-","-","-","-","-","-","-","-","-","-","-","5148","8271","Ja"
"NL-200400103","Nederlandse Gasunie CS Zweekhorst N.V.","02029700","-","-","-","-","-","-","-","-","-","-","-","-","-","-","-","17074","26843","Ja"
"NL-200400120","N.V. Nederlandse Gasunie LNG Maasvlakte","02029700","1376","1348","Ja","1376","876","Ja","1375","512","Ja","1375","654","Ja","1375","306","Ja","1009","21474","Ja"
"NL-201000065","N.V. Nederlandse Gasunie UGS Zuidwending","02092814","-","-","-","-","-","-","-","-","-","0","5745","Ja","0","6115","Ja","6682","5273","Ja"
"NL-200400291","Nedmag Industries Mining & Manufacturing Holding B.V.","02331543","-","-","-","-","-","-","-","-","-","-","-","-","-","-","-","89923","72540","Ja"
"NL-200500043","VDL Nedcar B.V.","14027374","9427","6744","Ja","9427","6702","Ja","9426","8868","Ja","9426","6256","Ja","9426","6731","Ja","8524","8385","Ja"
"NL-200900007","Nieuwe Tuinen B.V.","27274751","-","-","-","6168","5451","Ja","19227","12943","Ja","19227","12688","Ja","19227","3868","Ja","-","-","-"
"NL-200800078","Noordelijke Asfaltproductie (NOAP) B.V.","02328827","-","-","-","-","-","-","-","-","-","-","-","-","-","-","-","2456","1893","Ja"
"NL-201000126","Noordgastransport B.V.","27083890","-","-","-","-","-","-","-","-","-","-","-","-","-","-","-","14194","14207","Ja"
"NL-200400018","Parenco B.V.","09042723","235896","199764","Ja","235896","147589","Ja","235896","175585","Ja","235896","168265","Ja","235895","161547","Ja","130291","75962","Ja"
"NL-200800056","Nuon Centrale Catharina Ziekenhuis","33292246","12125","13027","Ja","12125","14068","Ja","12125","14234","Ja","12125","14098","Ja","12124","13428","Ja","-","-","-"
"NL-200400092","Nuon Centrale Diemen","09066021","505809","612148","Ja","505809","613819","Ja","505809","668278","Ja","505809","520924","Ja","505809","651328","Ja","87222","1043709","Ja"
"NL-200400019","Nuon Centrale Hemweg","09066021","3225743","3250218","Ja","3225743","3708312","Ja","3225743","2367013","Ja","3225743","2792315","Ja","3225743","3574605","Ja","0","4177886","Ja"
"NL-200700172","Nuon Centrale Utrecht Lage Weide","09066021","552484","647878","Ja","552484","616891","Ja","552483","584098","Ja","552483","624722","Ja","552483","500971","Ja","113849","494759","Ja"
"NL-200400091","Nuon Centrale Utrecht Merwede Kanaal","09066021","544280","391369","Ja","544280","576529","Ja","544279","499871","Ja","544279","325826","Ja","544279","288725","Ja","109091","335280","Ja"
"NL-200500049","Nuon Hulpwarmte centrale Kanaleneiland","09066021","574","111","Ja","574","23","Ja","574","1359","Ja","573","131","Ja","573","5922","Ja","384","401","Ja"
"NL-200500051","Nuon Hulpwarmte centrale Nicolaas Beetsstraat (HWC-NB)","09066021","846","630","Ja","846","1714","Ja","846","6079","Ja","845","511","Ja","845","1369","Ja","2841","930","Ja"
"NL-200500052","Nuon Hulpwarmte centrale Nieuwegein","09066021","2319","2132","Ja","2319","2678","Ja","2319","2890","Ja","2319","2008","Ja","2319","28234","Ja","1853","3255","Ja"
"NL-200500050","Nuon Hulpwarmte centrale Overvecht","09066021","514","122","Ja","514","452","Ja","514","1826","Ja","514","235","Ja","514","225","Ja","819","1126","Ja"
"NL-200500058","HulpWarmteCentrale 1","59966491","6306","6059","Ja","6306","12201","Ja","6305","24499","Ja","6305","8052","Ja","6305","15077","Ja","14000","29789","Ja"
"NL-200400294","Nuon HWC Almere","09096519","911","287","Ja","2640","3994","Ja","81515","6191","Ja","81515","4259","Ja","81515","9116","Ja","3738","1082","Ja"
"NL-200700093","Nuon HWC Arena - Holterbergweg","09117658","686","192","Ja","686","57","Ja","686","1224","Ja","686","654","Ja","686","41","Ja","496","515","Ja"
"NL-200700094","Nuon HWC Boris Pasternak","09117658","315","321","Ja","315","48","Ja","315","522","Ja","315","1417","Ja","315","25","Ja","403","3477","Ja"
"NL-200500104","Nuon HWC Duiven-Westervoort","09117658","534","1083","Ja","534","326","Ja","533","1192","Ja","533","323","Ja","533","517","Ja","896","1389","Ja"
"NL-201000017","Nuon HWC Lelystad","09117658","-","-","-","-","-","-","2647","3606","Ja","2240","2241","Ja","2924","1727","Ja","2263","2973","Ja"
"NL-200800103","Nuon HWC Schuytgraaf","09117658","-","-","-","0","0","Ja","0","66","Ja","0","72","Ja","0","4","Ja","145","61","Ja"
"NL-201100045","Nuon Magnum Centrale Eemsmond","09096519","-","-","-","-","-","-","-","-","-","0","0","Ja","0","1062","Ja","0","734257","Ja"
"NL-200400088","Nuon Power Buggenum (WAC)","09066021","644299","1217500","Ja","644299","1278501","Ja","644298","1006829","Ja","644298","895862","Ja","644298","783106","Ja","0","290920","Ja"
"NL-200400089","Nuon Power IJmond","09066021","418335","1989662","Ja","418335","91931","Ja","418335","2209458","Ja","418335","1787100","Ja","418334","1867643","Ja","0","2014494","Ja"
"NL-200400090","Nuon Power Velsen","09066021","1388349","4288479","Ja","1388348","4633490","Ja","1388348","3977741","Ja","1388348","4618543","Ja","1388348","4507735","Ja","0","3851617","Ja"
"NL-200400093","Nuon Warmtekrachtcentrale Purmerend","09066021","159691","149629","Ja","159690","120260","Ja","159690","127906","Ja","159690","121862","Ja","159690","114543","Ja","54201","107826","Ja"
"NL-200400064","Nuon WKC Almere","09096519","311109","346654","Ja","311109","375104","Ja","311109","364134","Ja","311108","294175","Ja","311108","114755","Ja","135253","45242","Ja"
"NL-200700095","Gouda Refractories BV","29011939","8616","7603","Ja","8616","4246","Ja","8615","5596","Ja","8615","7686","Ja","8615","8045","Ja","8325","8278","Ja"
"NL-200500007","Stichting Vergunning Moleneind","54040361","28390","30235","Ja","28390","29565","Ja","28390","32126","Ja","28390","27442","Ja","28390","27604","Ja","28300","27881","Ja"
"NL-200500013","NXP Semiconductors Nijmegen","17070621","14523","13945","Ja","14521","13874","Ja","14522","14343","Ja","14521","10963","Ja","14521","11106","Ja","13428","11624","Ja"
"NL-200500008","Nyrstar Budel B.V.","17256263","9006","8538","Ja","9005","10104","Ja","9005","7005","Ja","9005","6636","Ja","9005","7737","Ja","130890","46071","Ja"
"NL-200400124","OCI Nitrogen","14041561","9979","138387","Ja","413279","130199","Ja","187905","198","Ja","187904","3","Ja","164181","3","Ja","-","-","-"
"NL-200400298","Odfjell Terminals (Rotterdam) B.V. BKG 1","24298282","16542","16912","Ja","16542","12689","Ja","16542","13052","Ja","16542","12725","Ja","16541","10926","Ja","11180","9337","Ja"
"NL-200400298a","Odfjell Terminals (Rotterdam) B.V. BKG 2","24298282","-","-","-","-","-","-","-","-","-","-","-","-","-","-","-","15960","8272","Ja"
"NL-200400230","O-I Manufacturing Netherlands B.V., vestiging Leerdam","24202107","107161","121071","Ja","107160","110878","Ja","107160","101875","Ja","107160","111381","Ja","107160","99935","Ja","117137","107068","Ja"
"NL-200400231","O-I Manufacturing Netherlands B.V., vestiging Maastricht","24202107","104500","83308","Ja","104500","88706","Ja","104500","90908","Ja","104499","87612","Ja","104499","83901","Ja","86714","84644","Ja"
"NL-200400229","O-I Manufacturing Netherlands B.V., vestiging Schiedam","24202107","64054","63907","Ja","64054","57867","Ja","64054","62085","Ja","64054","62554","Ja","64054","61605","Ja","58617","63209","Ja"
"NL-200400196","Oldambt Groenvoederdrogerij B.V.","02322173","-","-","-","-","-","-","-","-","-","-","-","-","-","-","-","15854","17792","Ja"
"NL-201000127","Ooms Producten bv","36003612","-","-","-","-","-","-","-","-","-","-","-","-","-","-","-","2755","3312","Ja"
"NL-200800079","Owens Corning Veil Netherlands B.V.","08037383","-","-","-","-","-","-","-","-","-","-","-","-","-","-","-","14433","17676","Ja"
"NL-200700096","P.N. Hoogerbrugge Steenbergen B.V.","20118200","20266","21119","Ja","20266","18368","Ja","24066","24793","Ja","24167","22923","Ja","24167","21017","Ja","11108","18366","Ja"
"NL-200400029","Papierfabriek Doetinchem B.V.","09014978","31776","32338","Ja","31776","30073","Ja","31776","31173","Ja","31775","29490","Ja","31775","30861","Ja","28449","30743","Ja"
"NL-200700097","PEKA Kroef B.V.","16067892","19056","23660","Ja","20224","20833","Ja","21393","22516","Ja","22472","20708","Ja","23730","22525","Ja","15717","20567","Ja"
"NL-200500015","PepsiCo Nederland B.V.","30098485","-","-","-","-","-","-","-","-","-","-","-","-","-","-","-","8087","12732","Ja"
"NL-200700001","Pergen VOF","24365735","612257","580765","Ja","1622263","1312118","Ja","1622263","1374820","Ja","1622263","1315921","Ja","1622263","1270288","Ja","11525","1292130","Ja"
"NL-200800122","Peter Aarts V.O.F.","17114321","5626","5635","Ja","13470","10218","Ja","13470","13433","Ja","13470","4784","Ja","-","-","-","-","-","-"
"NL-201100140","PGI Nonwovens B.V.","16020978","-","-","-","-","-","-","-","-","-","-","-","-","0","8190","Ja","8366","9243","Ja"
"NL-200500012","Philip Morris Holland B.V.","20028955","7417","23958","Ja","7417","24206","Ja","7417","24971","Ja","7417","22312","Ja","7416","20592","Ja","21267","21977","Ja"
"NL-200400201","Philips Lighting B.V.","17061150","23464","21831","Ja","23464","17631","Ja","0","3529","Ja","-","-","-","-","-","-","-","-","-"
"NL-200700099","Plantenkwekerij Leo Ammerlaan BV","29040873","14885","14080","Ja","20342","16925","Ja","20342","17926","Ja","20342","15942","Ja","20342","9113","Ja","-","-","-"
"NL-200700100","Plantenkwekerij P. van Geest Maasland B.V.","27181975","8758","9186","Ja","8758","9044","Ja","8757","9797","Ja","8757","2328","Ja","-","-","-","-","-","-"
"NL-200700101","Plantenkwekerij Van der Lugt v.o.f","24321457","9785","9984","Ja","9785","9940","Ja","9784","9947","Ja","9784","5065","Ja","-","-","-","-","-","-"
"NL-200700017","Polman BV","04073262","12699","13006","Ja","12699","11346","Ja","12699","13901","Ja","12699","12996","Ja","12698","3037","Ja","-","-","-"
"NL-200400174","PPG Industries Chemicals B.V.","02329711","-","-","-","-","-","-","-","-","-","-","-","-","-","-","-","35030","36103","Ja"
"NL-200400225","PPG Industries Fiber Glass BV","02316271","47176","42274","Ja","47176","25611","Ja","47176","44277","Ja","47175","41702","Ja","47175","39359","Ja","40802","38785","Ja"
"NL-200400262","PQ Silicas BV","33214819","19686","21833","Ja","19685","17976","Ja","19685","17848","Ja","19685","14148","Ja","19685","14267","Ja","35665","26681","Ja"
"NL-200400195","Promelca Dairy Foods","08131136","17792","21773","Ja","17792","21278","Ja","17792","22161","Ja","17791","22264","Ja","17791","22904","Ja","28519","32477","Ja"
"NL-200700102","Prominent Groeneweg B.V.","27242494","13268","16384","Ja","13267","12439","Ja","13267","14548","Ja","13267","7033","Ja","-","-","-","-","-","-"
"NL-200400234","PURAC Biochem B.V.","23036930","40217","23243","Ja","40216","11957","Ja","40216","15524","Ja","40216","14721","Ja","40216","15091","Ja","29966","15556","Ja"
"NL-200900068","Red Harvest BV","27320114","-","-","-","6129","4512","Ja","30588","34431","Ja","39973","40839","Ja","39973","38594","Ja","17944","38673","Ja"
"NL-200400181","Rendac Son B.V.","17066640","37691","17193","Ja","37690","12760","Ja","37690","26752","Ja","37690","40867","Ja","37690","37736","Ja","29738","35948","Ja"
"NL-200400241","Rijnmond Energie C.V.","24328513","1574063","1561225","Ja","1574062","1881450","Ja","1574062","1775912","Ja","1574062","1838484","Ja","1574062","954208","Ja","20001","208067","Ja"
"NL-200400197","Rixona B.V.","02020914","26118","22629","Ja","26118","22091","Ja","26118","22980","Ja","26118","23638","Ja","26117","23642","Ja","24519","32065","Ja"
"NL-200400020","Rockwool B.V.","13014428","153010","192175","Ja","163929","150091","Ja","163929","147109","Ja","163929","150461","Ja","163928","139188","Ja","140582","120662","Ja"
"NL-200700105","Rodruza - Steenfabriek Rossum BV","10030798","15309","16265","Ja","15309","13619","Ja","15308","13003","Ja","15308","10388","Ja","15308","10100","Ja","12429","7834","Ja"
"NL-200700106","Rodruza - Steenfabriek Zandberg BV","10030798","26795","18363","Ja","26795","14624","Ja","26795","10409","Ja","26794","13917","Ja","26794","13378","Ja","16334","10218","Ja"
"NL-200700107","Ropa B.V.","27287643","23250","18938","Ja","25623","15244","Ja","25623","19910","Ja","25623","19808","Ja","25623","10971","Ja","-","-","-"
"NL-200800082","Rosier Nederland B.V.","21009167","-","-","-","-","-","-","-","-","-","-","-","-","-","-","-","18191","19086","Ja"
"NL-200700013","Royal Pride Holland BV - Middenmeer","18082234","70548","64596","Ja","76508","63496","Ja","76508","73206","Ja","76508","65361","Ja","76507","66734","Ja","31213","74262","Ja"
"NL-200700027","Rozenkwekerij de Trompet VOF","04075360","8378","8377","Ja","8377","0","Ja","-","-","-","-","-","-","-","-","-","-","-","-"
"NL-200400184","Ruigenhil Vastgoed B.V. Nedstaal BKG 1","23093134","58949","51505","Ja","58926","24881","Ja","58903","44951","Ja","58880","52210","Ja","58857","46639","Ja","22526","25409","Ja"
"NL-200400184a","Ruigenhil Vastgoed B.V. FNsteel BKG 2","23093134","-","-","-","-","-","-","-","-","-","-","-","-","-","-","-","24393","19732","Ja"
"NL-201000010","RWE Eemshaven Centrale","09198622","-","-","-","-","-","-","-","-","-","-","-","-","-","-","-","-","55431","Ja"
"NL-200400015","SABIC Innovative Plastics B.V. BKG 1","20079272","425433","385369","Ja","425433","275763","Ja","425433","344243","Ja","425432","310594","Ja","425432","330795","Ja","160075","345822","Ja"
"NL-200400015a","SABIC Innovative Plastics B.V. BKG 2","20079272","-","-","-","-","-","-","-","-","-","-","-","-","-","-","-","40877","3680","Ja"
"NL-200400236","Saint-Gobain Construction Products Nederland B.V.","20022420","51337","60940","Ja","51337","50424","Ja","51337","43309","Ja","51337","47892","Ja","51336","44163","Ja","46069","42023","Ja"
"NL-200400010","Sappi Maastricht BV","14631722","254902","248989","Ja","254902","187721","Ja","254902","208816","Ja","254902","187989","Ja","254901","193057","Ja","83177","158897","Ja"
"NL-200400012","InnovioPapers B.V.","10041104","90690","80812","Ja","90689","72549","Ja","90689","74205","Ja","90689","73158","Ja","90689","64348","Ja","64164","68726","Ja"
"NL-200400141","DS Smith Paper De Hoop Mill","08046917","238913","226731","Ja","238913","209171","Ja","238913","226782","Ja","238912","202265","Ja","238912","203172","Ja","94612","216334","Ja"
"NL-200500056","Schiphol Nederland B.V.","34166584","28525","28536","Ja","28525","26461","Ja","28524","28185","Ja","28524","23307","Ja","28524","22253","Ja","15898","19079","Ja"
"NL-200700098","Schreurs Holland BV","33261517","10675","7649","Ja","10675","8405","Ja","10675","10081","Ja","10675","8667","Ja","10675","2340","Ja","-","-","-"
"NL-200500010","Seasun Epsilon B.V. (Seasun Oost)","22058082","19807","15180","Ja","19807","12616","Ja","19807","15703","Ja","19807","14444","Ja","19806","16697","Ja","9336","15550","Ja"
"NL-200400152","Sensus B.V. Zwolle","20169318","-","-","-","-","-","-","-","-","-","-","-","-","-","-","-","10831","8557","Ja"
"NL-200400151","Sensus, vestiging Roosendaal","20169318","18066","12466","Ja","18066","16697","Ja","18066","16877","Ja","18065","15948","Ja","18065","13106","Ja","18880","13680","Ja"
"NL-200400047","Shell Nederland Chemie B.V., vestiging Moerdijk BKG 1","24082750","1941390","2004520","Ja","1941389","1943188","Ja","1941389","2122031","Ja","1941389","2077435","Ja","1941389","1995502","Ja","1084289","1003983","Ja"
"NL-200400047a","Shell Nederland Chemie B.V., vestiging Moerdijk BKG 2","24082750","-","-","-","-","-","-","-","-","-","-","-","-","-","-","-","210908","145809","Ja"
"NL-200400047b","Shell Nederland Chemie B.V., vestiging Moerdijk BKG 3","24082750","-","-","-","-","-","-","-","-","-","-","-","-","-","-","-","293449","205542","Ja"
"NL-200400047c","Shell Nederland Chemie B.V., vestiging Moerdijk BKG 4","24082750","-","-","-","-","-","-","-","-","-","-","-","-","-","-","-","128631","362691","Ja"
"NL-200400047d","Shell Nederland Chemie B.V., vestiging Moerdijk BKG 5","24082750","-","-","-","-","-","-","-","-","-","-","-","-","-","-","-","111262","90686","Ja"
"NL-200400047e","Shell Nederland Chemie B.V., vestiging Moerdijk BKG 6","24082750","-","-","-","-","-","-","-","-","-","-","-","-","-","-","-","152890","43258","Ja"
"NL-200400047f","Shell Nederland Chemie B.V., vestiging Moerdijk BKG 7","24082750","-","-","-","-","-","-","-","-","-","-","-","-","-","-","-","166604","15861","Ja"
"NL-200400047g","Shell Nederland Chemie B.V., vestiging Moerdijk BKG 8","24082750","-","-","-","-","-","-","-","-","-","-","-","-","-","-","-","181269","504712","Ja"
"NL-201100012","Shell Nederland Chemie B.V., vestiging Pernis","24082750","-","-","-","-","-","-","-","-","-","-","-","-","-","-","-","384605","39690","Ja"
"NL-200400021","Shell Nederland Raffinaderij B.V.","24094988","5176643","5151891","Ja","5176642","4463005","Ja","5176642","4134663","Ja","5176642","4113299","Ja","5176642","4094936","Ja","3357482","4334421","Ja"
"NL-200400110","Shin-Etsu PVC B.V. Locatie Botlek","34123402","-","-","-","-","-","-","-","-","-","-","-","-","-","-","-","105543","100189","Ja"
"NL-201000054","Simadan Holdings","34054994","-","-","-","-","-","-","-","-","-","0","648","Ja","0","485","Ja","-","-","-"
"NL-200400034","Siniat B.V.","02320379","-","-","-","-","-","-","-","-","-","-","-","-","-","-","-","20239","43885","Ja"
"NL-200800027","Sloe Centrale B.V.","22063828","-","-","-","341534","519149","Ja","2373814","1971161","Ja","2368621","1479636","Ja","2192157","1155240","Ja","0","1119570","Ja"
"NL-200400016","Smurfit Kappa Roermond Papier B.V.","13027128","158825","152546","Ja","158825","149975","Ja","158825","161839","Ja","158825","157890","Ja","158824","160265","Ja","143756","162738","Ja"
"NL-200400144","Smurfit Kappa Solid Board B.V. Bad Nieuweschans","02031366","38090","31985","Ja","38090","29258","Ja","38090","40287","Ja","38089","38987","Ja","38089","36372","Ja","33290","35450","Ja"
"NL-200400143","Smurfit Kappa Solid Board, locatie Coevorden","02031366","23195","22959","Ja","23195","23577","Ja","23195","24905","Ja","23195","20305","Ja","23194","19225","Ja","16416","16187","Ja"
"NL-200400208","Smurfit Kappa Solid Board, locatie Hoogkerk","02031366","25003","25159","Ja","25003","22183","Ja","25002","27107","Ja","25002","19901","Ja","25002","17437","Ja","27002","17313","Ja"
"NL-200400081","Smurfit Kappa Solid Board B.V., locatie Oude Pekela","02031366","24516","23434","Ja","24515","19937","Ja","24515","24159","Ja","24515","23661","Ja","24515","22920","Ja","17014","18176","Ja"
"NL-200400080","Smurfit Kappa Solid Board, locatie Oude Pekela KM1","02300918","14406","170","Ja","14406","93","Ja","14406","0","Ja","-","-","-","-","-","-","-","-","-"
"NL-200700108","Solidpack B.V.","02313313","11635","12221","Ja","11635","12516","Ja","11635","13142","Ja","11635","12936","Ja","11634","12758","Ja","14576","13203","Ja"
"NL-200400228","Sonac Burgum B.V.","59078561","35308","13801","Ja","35308","8666","Ja","35307","37396","Ja","35307","49407","Ja","35307","41072","Ja","32414","41412","Ja"
"NL-200400296","Sonac Vuren B.V.","59079266","15462","2078","Ja","15462","2250","Ja","15462","13128","Ja","15462","17629","Ja","15462","18119","Ja","25069","28236","Ja"
"NL-200400290","Sonneborn Refined Products","54991439","21161","21334","Ja","21161","19265","Ja","21161","22693","Ja","21161","22932","Ja","21160","23802","Ja","10714","19852","Ja"
"NL-200700109","Steenfabriek De Nijverheid BV","09031225","19233","21160","Ja","19233","20308","Ja","19233","17993","Ja","19233","14911","Ja","19233","16260","Ja","13192","13319","Ja"
"NL-200400133","Steenfabriek De Rijswaard BV","11014483","28648","26264","Ja","28648","25209","Ja","28647","22668","Ja","28647","26396","Ja","28647","24816","Ja","21871","25600","Ja"
"NL-200700110","Steenfabriek De Vlijt BV","09037761","9489","8317","Ja","9488","8559","Ja","9488","9121","Ja","9488","9327","Ja","9488","8955","Ja","6537","8560","Ja"
"NL-200700111","Steenfabriek Engels Helden BV","12000934","15467","16772","Ja","15467","13270","Ja","15467","12056","Ja","15466","14042","Ja","15466","12347","Ja","14516","10661","Ja"
"NL-200700112","Steenfabriek Engels Oeffelt BV","16050054","8233","15649","Ja","8233","10526","Ja","8233","10814","Ja","8233","11789","Ja","8232","9620","Ja","11766","10958","Ja"
"NL-200700113","Steenfabriek Gebroeders Klinkers BV","14621297","9623","8377","Ja","9623","6865","Ja","9623","7168","Ja","9623","7785","Ja","9623","6748","Ja","4924","7588","Ja"
"NL-200700115","Steenfabriek Linssen BV","14067911","4252","4084","Ja","4252","3444","Ja","4251","2298","Ja","4251","2609","Ja","4251","2712","Ja","3880","2317","Ja"
"NL-200700116","Steenindustrie Strating b.v.","02322990","6928","6128","Ja","6928","6385","Ja","6927","6291","Ja","6927","6107","Ja","6927","6839","Ja","4114","4206","Ja"
"NL-201100006","Steinzeug-Keramo BV","12016368","-","-","-","-","-","-","-","-","-","-","-","-","-","-","-","4577","4693","Ja"
"NL-200600041","Stichting Beheer Cluster Bergschenhoek","24308465","10715","8152","Ja","10715","9309","Ja","10715","9134","Ja","10715","7831","Ja","10715","2982","Ja","-","-","-"
"NL-200400300","Stichting Katholieke Universiteit (SKU)","41055629","32568","25981","Ja","32568","26898","Ja","32568","29480","Ja","32568","24267","Ja","32568","24984","Ja","21472","25137","Ja"
"NL-200400122","Suiker Unie fabriek Dinteloord","20028699","129158","128078","Ja","129157","133387","Ja","164100","130308","Ja","164100","139508","Ja","164100","118126","Ja","108573","130735","Ja"
"NL-200400024","Suiker Unie fabriek Groningen","20028699","108834","1338","Ja","108834","2599","Ja","-","-","-","-","-","-","-","-","-","-","-","-"
"NL-200400286","Suiker Unie, productielocatie Breda","20028699","3106","1947","Ja","3106","0","Ja","-","-","-","-","-","-","-","-","-","-","-","-"
"NL-200400116","Suiker Unie, productielocatie Puttershoek","20028699","1160","713","Ja","1160","723","Ja","-","-","-","-","-","-","-","-","-","-","-","-"
"NL-200400289","Suiker Unie, productielocatie Vierverlaten","20028699","146970","110843","Ja","146970","130336","Ja","183736","121993","Ja","183736","137837","Ja","183736","106675","Ja","102080","102020","Ja"
"NL-200800041","Sweet Point Middenmeer BV","27259599","-","-","-","15942","14323","Ja","17892","18426","Ja","17892","16998","Ja","17892","4390","Ja","-","-","-"
"NL-200800015","T.W. van Noord Tomaten BV","24398612","14998","14769","Ja","14998","12013","Ja","14998","12648","Ja","14998","11746","Ja","14998","4956","Ja","-","-","-"
"NL-200400163","TAQA Offshore B.V., P15-C-D","27305268","-","-","-","-","-","-","-","-","-","-","-","-","-","-","-","95697","72178","Ja"
"NL-200400164","TAQA Onshore B.V.","27305268","-","-","-","-","-","-","-","-","-","-","-","-","-","-","-","33106","38252","Ja"
"NL-200400162","TAQA Piekgas B.V.","27273133","-","-","-","-","-","-","-","-","-","-","-","-","-","-","-","11469","7499","Ja"
"NL-200400186","Tata Steel IJmuiden bv BKG 1","34040331","10681631","6447676","Ja","10681631","5587863","Ja","11557631","6227169","Ja","11665630","6219430","Ja","11665630","5978494","Ja","10675128","5907619","Ja"
"NL-200400186a","Tata Steel IJmuiden bv BKG 2","34040331","-","-","-","-","-","-","-","-","-","-","-","-","-","-","-","68252","84924","Ja"
"NL-200400127","Tate & Lyle Netherlands B.V.","35014624","73040","76276","Ja","73040","74080","Ja","73040","72615","Ja","73040","72503","Ja","73040","72981","Ja","53366","77679","Ja"
"NL-200400210","Ten Cate Advanced Textiles B.V.","06063994","20356","18526","Ja","20356","15157","Ja","20356","18045","Ja","20356","17703","Ja","20355","14330","Ja","19195","17821","Ja"
"NL-200400211","Ten Cate Protect B.V.","06036546","7390","3518","Ja","7390","1695","Ja","7390","2141","Ja","7389","2567","Ja","7389","2106","Ja","7250","5828","Ja"
"NL-200400191","Total offshore platform F15A","27157042","-","-","-","-","-","-","-","-","-","-","-","-","-","-","-","17573","20310","Ja"
"NL-200400193","Total offshore platform K5 Central Complex","27157042","-","-","-","-","-","-","-","-","-","-","-","-","-","-","-","90891","107961","Ja"
"NL-200400192","Total offshore platform K6 Central Complex","27157042","-","-","-","-","-","-","-","-","-","-","-","-","-","-","-","48472","55994","Ja"
"NL-200400190","Total offshore platform L7 Central Complex","27157042","-","-","-","-","-","-","-","-","-","-","-","-","-","-","-","50418","66935","Ja"
"NL-200400200","Zeeland Refinery","22020666","1683985","1664534","Ja","1664140","1377716","Ja","1674135","1482721","Ja","1683483","1590073","Ja","1674634","1479859","Ja","1334911","1542691","Ja"
"NL-200400270","TU Delft, Warmte-Krachtcentrale","27237924","15188","13454","Ja","15187","13849","Ja","15187","15858","Ja","15187","11380","Ja","15187","13269","Ja","11004","18294","Ja"
"NL-200400259","UMC Utrecht","30244197","21943","23296","Ja","21943","24666","Ja","21943","26960","Ja","21942","25172","Ja","21942","25734","Ja","9882","25421","Ja"
"NL-200400237","Unilever Nederland Foods Factories BV, sourcing unit Oss","32043472","15874","16849","Ja","15874","16180","Ja","15874","16449","Ja","15874","14486","Ja","15874","13569","Ja","12602","13557","Ja"
"NL-200400131","Sime Darby Unimills B.V.","24328835","51445","52090","Ja","51445","53050","Ja","51444","54640","Ja","51444","51827","Ja","51444","53013","Ja","35302","53378","Ja"
"NL-200400086","Universiteit Utrecht, locatie De Uithof","30275924","58603","53727","Ja","58603","53947","Ja","58603","49489","Ja","58602","42391","Ja","58602","40640","Ja","22468","37285","Ja"
"NL-200700117","VOF De Driemaster","27176332","8837","8359","Ja","8837","8083","Ja","8837","9089","Ja","8837","2125","Ja","-","-","-","-","-","-"
"NL-200700118","V.o.F. firma Oussoren","24277042","13275","14971","Ja","13275","12586","Ja","13275","13498","Ja","13275","13491","Ja","13275","2982","Ja","-","-","-"
"NL-200700119","Van Dijk Bedrijven Holding b.v.","30056775","13016","3397","Ja","13016","2856","Ja","13016","4169","Ja","13016","1357","Ja","13016","1367","Ja","-","-","-"
"NL-200400107","Van Houtum Holding B.V.","13029403","24951","23474","Ja","24951","24114","Ja","24951","24221","Ja","24950","24154","Ja","24950","24304","Ja","14870","24312","Ja"
"NL-200400023","Van Twiller B.V.","34301547","252244","3631","Ja","252244","194","Ja","252244","1576","Ja","252244","1662","Ja","252243","0","Ja","-","-","-"
"NL-200800054","Vd Berg Roses CV","27215657","11007","3990","Ja","13843","10559","Ja","13843","11303","Ja","13843","11019","Ja","13843","4494","Ja","-","-","-"
"NL-201000048","Vereijken Energie BV, locatie Beek en Donk","17187155","-","-","-","-","-","-","15265","15199","Ja","15265","11723","Ja","15265","6792","Ja","-","-","-"
"NL-200700123","Vereijken Energie BV, locatie Someren-Eind","17097743","11690","10670","Ja","12629","10385","Ja","12629","10561","Ja","12629","9242","Ja","12629","3576","Ja","-","-","-"
"NL-200400272","Stichting VU-VUmc","40530948","39750","48423","Ja","39750","49516","Ja","39750","50337","Ja","39750","47901","Ja","39749","45742","Ja","15626","39200","Ja"
"NL-200700081","Vivaio Peters B.V.","17104187","9954","9710","Ja","9954","8254","Ja","9953","10433","Ja","9953","3006","Ja","-","-","-","-","-","-"
"NL-200400232","Vlisco Netherlands B.V.","50751492","22113","18026","Ja","22113","18926","Ja","22113","21716","Ja","22112","24036","Ja","22112","28453","Ja","22561","33756","Ja"
"NL-201100113","Vopak Terminal Amsterdam Westpoort B.V.","24406191","-","-","-","-","-","-","-","-","-","-","-","-","-","-","-","0","65","Ja"
"NL-200700124","Vopak Terminal Botlek B.V.","24110168","14803","11217","Ja","14803","9199","Ja","14802","9284","Ja","14802","7038","Ja","14802","6067","Ja","8450","7374","Ja"
"NL-201000007","Vopak Terminal Eemshaven B.V. (VTEH)","24445591","-","-","-","-","-","-","-","-","-","-","-","-","-","-","-","0","4","Ja"
"NL-200800026","Vopak Terminal Europoort B.V.","24086473","14561","15236","Ja","14561","16377","Ja","14561","22212","Ja","14560","21425","Ja","14560","21532","Ja","7137","21111","Ja"
"NL-200500053","Vopak Terminal Vlaardingen B.V.","24065756","26427","19356","Ja","26427","16007","Ja","26426","12981","Ja","26426","13613","Ja","26426","12809","Ja","13000","13953","Ja"
"NL-200800058","Vopak Terminal Vlissingen B.V.","22034940","-","-","-","-","-","-","-","-","-","-","-","-","-","-","-","2257","4621","Ja"
"NL-200700125","W.A. Sanders Coldenhove Holding B.V.","08003231","13743","15157","Ja","13742","14000","Ja","13742","15081","Ja","13742","8792","Ja","13742","9959","Ja","8385","9811","Ja"
"NL-200700126","Wienerberger B.V. Steenfabriek Bemmel","17078258","9001","8252","Ja","9001","7442","Ja","9001","7377","Ja","9001","7695","Ja","9000","5467","Ja","4278","4659","Ja"
"NL-200700127","Wienerberger B.V. Steenfabriek Daams","17078258","8477","7905","Ja","8477","2492","Ja","-","-","-","-","-","-","-","-","-","-","-","-"
"NL-200700128","Wienerberger B.V. Steenfabriek De Roodvoet","17078258","17682","8111","Ja","17681","1642","Ja","-","-","-","-","-","-","-","-","-","-","-","-"
"NL-200700129","Wienerberger B.V. Steenfabriek Doorwerth","17078258","13036","12203","Ja","13035","5969","Ja","13035","6661","Ja","13035","1","Ja","13035","4","Ja","-","-","-"
"NL-200700130","Wienerberger B.V. Steenfabriek Erlecom","17078258","16798","16546","Ja","16798","14083","Ja","16798","13648","Ja","16798","13848","Ja","16797","10552","Ja","12119","11003","Ja"
"NL-200700131","Wienerberger B.V. Steenfabriek Esbeek","17078258","6153","3630","Ja","6153","0","0","-","-","-","-","-","-","-","-","-","-","-","-"
"NL-200700132","Wienerberger B.V. Steenfabriek Haaften","17078258","18073","16470","Ja","18073","13019","Ja","18073","16694","Ja","18072","14979","Ja","18072","10232","Ja","15548","12586","Ja"
"NL-200700153","Wienerberger B.V. Steenfabriek Heteren","17078258","9944","9283","Ja","9943","9026","Ja","9943","9242","Ja","9943","9460","Ja","9943","7427","Ja","8169","7995","Ja"
"NL-200700154","Wienerberger B.V. Steenfabriek Kijfwaard Oost","17078258","14551","15873","Ja","14551","15067","Ja","14551","12759","Ja","14550","12321","Ja","14550","9092","Ja","14769","8851","Ja"
"NL-200700158","Wienerberger B.V. Steenfabriek Kijfwaard West","17078258","31038","26538","Ja","31037","24468","Ja","31037","25040","Ja","31037","26731","Ja","31037","20815","Ja","26139","21753","Ja"
"NL-200700155","Wienerberger B.V. Steenfabriek Milsbeek","17078258","3834","2392","Ja","3834","0","Ja","-","-","-","-","-","-","-","-","Ja","-","-","-"
"NL-200700156","Wienerberger B.V. Steenfabriek Nuance","17078258","6679","5692","Ja","6679","5144","Ja","6679","4849","Ja","6678","5858","Ja","6678","5308","Ja","4041","5409","Ja"
"NL-200700157","Wienerberger B.V. Steenfabriek Poriso","17078258","22495","30510","Ja","22495","26356","Ja","22495","28979","Ja","22494","30847","Ja","22494","19532","Ja","27659","15174","Ja"
"NL-200700163","Wienerberger B.V. Steenfabriek Schipperswaard","17078258","10109","10893","Ja","10108","7133","Ja","10108","7155","Ja","10108","6478","Ja","10108","6476","Ja","10066","433","Ja"
"NL-200700159","Wienerberger B.V. Steenfabriek Thorn","17078258","14144","10190","Ja","14144","9282","Ja","14144","8661","Ja","14143","8774","Ja","14143","6358","Ja","8559","6841","Ja"
"NL-200700160","Wienerberger B.V. Steenfabriek Timmermans","17078258","12989","10188","Ja","12989","5140","Ja","-","-","-","-","-","-","-","-","-","-","-","-"
"NL-200700161","Wienerberger B.V. Steenfabriek Wolfswaard","17078258","21362","20434","Ja","21361","13423","Ja","21361","11602","Ja","21361","11882","Ja","21361","7174","Ja","14759","9347","Ja"
"NL-200700162","Wienerberger B.V. Steenfabriek Zennewijnen","17078258","13326","13776","Ja","13326","6446","Ja","13326","8710","Ja","13325","7471","Ja","13325","7255","Ja","11104","8369","Ja"
"NL-201100014","Wienerberger B.V. Dakpannenfabriek Narvik Deest","17078258","-","-","-","-","-","-","-","-","-","-","-","-","-","-","-","9458","8313","Ja"
"NL-201100013","Wienerberger B.V. Dakpannenfabriek Janssen Dings","17078258","-","-","-","-","-","-","-","-","-","-","-","-","-","-","-","16932","10823","Ja"
"NL-201100015","Wienerberger B.V. Dakpanfabriek Narvik Tegelen","17078258","-","-","-","-","-","-","-","-","-","-","-","-","-","-","-","9409","6903","Ja"
"NL-200700164","Wijnen Paprika's B.V.","12053573","20914","24619","Ja","20914","23124","Ja","20914","18864","Ja","20913","18038","Ja","20913","18962","Ja","-","-","-"
"NL-200900008","Wijnen Facilities B.V.","12035445","-","-","-","6176","6321","Ja","21577","20161","Ja","21577","20576","Ja","21577","18155","Ja","18361","3493","Ja"
"NL-200800080","Wintershall Noordzee B.V. F16-A","27100034","-","-","-","-","-","-","-","-","-","-","-","-","-","-","-","27212","39217","Ja"
"NL-200400282","Hoorn - Chevron Exploration and Production Netherlands B.V.","27114238","15510","11751","Ja","15510","12625","Ja","15509","11777","Ja","15509","11426","Ja","15509","11537","Ja","16412","13236","Ja"
"NL-200400178","Wintershall Noordzee B.V. Kotter K18","27100034","32140","18619","Ja","32139","8179","Ja","32139","7015","Ja","32139","7280","Ja","32139","3682","Ja","-","-","-"
"NL-200400180","Wintershall Noordzee B.V. L8-P4","27100034","-","-","-","-","-","-","-","-","-","-","-","-","-","-","-","41590","46781","Ja"
"NL-200400179","Wintershall Noordzee B.V. P6-A","27100034","-","-","-","-","-","-","-","-","-","-","-","-","-","-","-","41788","59598","Ja"
"NL-200400185","WKC Akzo Nobel Center Energie BV","31038214","29886","24243","Ja","29886","25410","Ja","29886","25185","Ja","29886","8619","Ja","29885","0","Ja","-","-","-"
"NL-200400125","WKC De Eendracht bv","01134145","76694","0","Ja","76694","0","Ja","76694","10","Ja","76694","20","Ja","76693","0","Ja","-","-","-"
"NL-200700168","Wormdal Vastgoed BV","14053845","5445","6024","Ja","5445","5064","Ja","12946","9902","Ja","12946","2640","Ja","12944","3493","Ja","6850","202","Ja"
"NL-200400026","Yara Sluiskil B.V. BKG 1","21001824","898293","550034","Ja","898293","499421","Ja","817582","399180","Ja","817581","394033","Ja","736871","431268","Ja","626586","698597","Ja"
"NL-200400026a","Yara Sluiskil B.V. BKG 2","21001824","-","-","-","-","-","-","-","-","-","-","-","-","-","-","-","934476","1185536","Ja"
"NL-200400026b","Yara Sluiskil B.V. BKG 3","21001824","-","-","-","-","-","-","-","-","-","-","-","-","-","-","-","1008573","1224587","Ja"
"NL-200400026c","Yara Sluiskil B.V. BKG 4","21001824","-","-","-","-","-","-","-","-","-","-","-","-","-","-","-","169204","62839","Ja"
"NL-200400026d","Yara Sluiskil B.V. BKG 5","21001824","-","-","-","-","-","-","-","-","-","-","-","-","-","-","-","213925","140411","Ja"
"NL-200400026e","Yara Sluiskil B.V. BKG 6","21001824","-","-","-","-","-","-","-","-","-","-","-","-","-","-","-","428877","228464","Ja"
"NL-201300333","Zalco B.V.","55525695","-","-","-","-","-","-","-","-","-","-","-","-","-","-","-","0","2767","Ja"
"NL-200400304","Zuurbier en Co Rozenkwekerijen B.V.","37039120","18020","20158","Ja","22390","18692","Ja","28508","23392","Ja","28508","22469","Ja","28508","4412","Ja","-","-","-"
